campaign,board,created_at,total_price
Kerluke-Rosenbaum Incredible Copper Table,02Ea repellat ratione accusantium.,2019-12-28 07:50:06 -0600,1.226
Kerluke-Rosenbaum Incredible Copper Table,02Ea repellat ratione accusantium.,2019-08-12 21:31:51 -0500,1.226
Kerluke-Rosenbaum Incredible Copper Table,02Ea repellat ratione accusantium.,2020-04-03 19:38:19 -0600,1.226
Kerluke-Rosenbaum Incredible Copper Table,02Ea repellat ratione accusantium.,2020-06-18 07:18:56 -0500,1.226
Kerluke-Rosenbaum Incredible Copper Table,02Ea repellat ratione accusantium.,2019-11-16 14:24:47 -0600,1.226
Kerluke-Rosenbaum Incredible Copper Table,02Ea repellat ratione accusantium.,2019-11-27 08:33:03 -0600,1.226
Kerluke-Rosenbaum Incredible Copper Table,02Ea repellat ratione accusantium.,2019-12-08 12:56:51 -0600,1.226
Kerluke-Rosenbaum Incredible Copper Table,02Ea repellat ratione accusantium.,2019-08-10 09:49:17 -0500,1.226
Kerluke-Rosenbaum Incredible Copper Table,02Ea repellat ratione accusantium.,2019-10-11 00:53:46 -0500,1.226
Kerluke-Rosenbaum Incredible Copper Table,02Ea repellat ratione accusantium.,2019-07-29 07:50:15 -0500,1.226
Kerluke-Rosenbaum Incredible Copper Table,02Ea repellat ratione accusantium.,2020-01-05 21:03:30 -0600,1.226
Kerluke-Rosenbaum Incredible Copper Table,02Ea repellat ratione accusantium.,2020-01-25 23:42:56 -0600,1.226
Kerluke-Rosenbaum Incredible Copper Table,02Ea repellat ratione accusantium.,2020-04-11 15:30:24 -0500,1.226
Kerluke-Rosenbaum Incredible Copper Table,02Ea repellat ratione accusantium.,2019-11-15 13:55:57 -0600,1.226
Kerluke-Rosenbaum Incredible Copper Table,02Ea repellat ratione accusantium.,2019-09-18 15:56:51 -0500,1.226
Kerluke-Rosenbaum Incredible Copper Table,02Ea repellat ratione accusantium.,2020-03-29 23:54:56 -0600,1.226
Kerluke-Rosenbaum Incredible Copper Table,02Ea repellat ratione accusantium.,2019-08-11 00:49:54 -0500,1.226
Kerluke-Rosenbaum Incredible Copper Table,02Ea repellat ratione accusantium.,2019-08-06 09:30:45 -0500,1.226
Kerluke-Rosenbaum Incredible Copper Table,02Ea repellat ratione accusantium.,2020-03-24 02:54:03 -0600,1.226
Kerluke-Rosenbaum Incredible Copper Table,02Ea repellat ratione accusantium.,2020-06-11 04:53:20 -0500,1.226
Kerluke-Rosenbaum Incredible Copper Table,02Ea repellat ratione accusantium.,2019-06-28 19:54:58 -0500,1.226
Kerluke-Rosenbaum Incredible Copper Table,02Ea repellat ratione accusantium.,2020-03-22 03:41:31 -0600,1.226
Kerluke-Rosenbaum Incredible Copper Table,02Ea repellat ratione accusantium.,2020-05-06 00:32:38 -0500,1.226
Kerluke-Rosenbaum Incredible Copper Table,02Ea repellat ratione accusantium.,2020-04-02 02:28:26 -0600,1.226
Kerluke-Rosenbaum Incredible Copper Table,02Ea repellat ratione accusantium.,2020-04-14 04:48:28 -0500,1.226
Kerluke-Rosenbaum Incredible Copper Table,02Ea repellat ratione accusantium.,2020-05-20 15:42:07 -0500,1.226
Kerluke-Rosenbaum Incredible Copper Table,02Ea repellat ratione accusantium.,2019-10-20 20:46:05 -0500,1.226
Kerluke-Rosenbaum Incredible Copper Table,02Ea repellat ratione accusantium.,2019-10-21 06:09:22 -0500,1.226
Kerluke-Rosenbaum Incredible Copper Table,02Ea repellat ratione accusantium.,2019-09-07 19:53:46 -0500,1.226
Kerluke-Rosenbaum Incredible Copper Table,02Ea repellat ratione accusantium.,2019-10-10 11:19:08 -0500,1.226
Kerluke-Rosenbaum Incredible Copper Table,02Ea repellat ratione accusantium.,2020-04-12 07:29:02 -0500,1.226
Kerluke-Rosenbaum Incredible Copper Table,02Ea repellat ratione accusantium.,2020-03-02 01:13:11 -0600,1.226
Kerluke-Rosenbaum Incredible Copper Table,02Ea repellat ratione accusantium.,2020-03-25 07:37:12 -0600,1.226
Kerluke-Rosenbaum Incredible Copper Table,02Ea repellat ratione accusantium.,2019-09-09 16:03:32 -0500,1.226
Kerluke-Rosenbaum Incredible Copper Table,02Ea repellat ratione accusantium.,2019-08-31 00:27:17 -0500,1.226
Kerluke-Rosenbaum Incredible Copper Table,02Ea repellat ratione accusantium.,2019-07-31 18:01:49 -0500,1.226
Kerluke-Rosenbaum Incredible Copper Table,02Ea repellat ratione accusantium.,2019-11-09 22:40:48 -0600,1.226
Kerluke-Rosenbaum Incredible Copper Table,02Ea repellat ratione accusantium.,2020-05-08 09:41:54 -0500,1.226
Kerluke-Rosenbaum Incredible Copper Table,02Ea repellat ratione accusantium.,2019-10-16 17:36:46 -0500,1.226
Kerluke-Rosenbaum Incredible Copper Table,02Ea repellat ratione accusantium.,2020-03-12 07:04:11 -0600,1.226
Kerluke-Rosenbaum Incredible Copper Table,02Ea repellat ratione accusantium.,2019-07-13 15:33:08 -0500,1.226
Kerluke-Rosenbaum Incredible Copper Table,02Ea repellat ratione accusantium.,2020-02-04 16:27:30 -0600,1.226
Kerluke-Rosenbaum Incredible Copper Table,02Ea repellat ratione accusantium.,2019-08-04 04:20:37 -0500,1.226
Kerluke-Rosenbaum Incredible Copper Table,02Ea repellat ratione accusantium.,2019-12-30 21:30:20 -0600,1.226
Kerluke-Rosenbaum Incredible Copper Table,02Ea repellat ratione accusantium.,2019-07-29 19:47:40 -0500,1.226
Kerluke-Rosenbaum Incredible Copper Table,02Ea repellat ratione accusantium.,2019-09-19 00:14:14 -0500,1.226
Kerluke-Rosenbaum Incredible Copper Table,02Ea repellat ratione accusantium.,2020-05-13 09:27:08 -0500,1.226
Kerluke-Rosenbaum Incredible Copper Table,02Ea repellat ratione accusantium.,2020-05-04 08:21:18 -0500,1.226
Kerluke-Rosenbaum Incredible Copper Table,02Ea repellat ratione accusantium.,2019-08-19 18:15:21 -0500,1.226
Kerluke-Rosenbaum Incredible Copper Table,02Ea repellat ratione accusantium.,2019-06-25 12:15:19 -0500,1.226
Kerluke-Rosenbaum Incredible Copper Table,02Ea repellat ratione accusantium.,2019-09-20 10:12:02 -0500,1.226
Kerluke-Rosenbaum Incredible Copper Table,02Ea repellat ratione accusantium.,2019-10-10 04:32:58 -0500,1.226
Kerluke-Rosenbaum Incredible Copper Table,02Ea repellat ratione accusantium.,2019-09-13 20:45:51 -0500,1.226
Kerluke-Rosenbaum Incredible Copper Table,02Ea repellat ratione accusantium.,2019-12-24 19:48:21 -0600,1.226
Kerluke-Rosenbaum Incredible Copper Table,02Ea repellat ratione accusantium.,2019-06-27 10:56:00 -0500,1.226
Kerluke-Rosenbaum Incredible Copper Table,02Ea repellat ratione accusantium.,2019-10-17 12:50:52 -0500,1.226
Kerluke-Rosenbaum Incredible Copper Table,02Ea repellat ratione accusantium.,2020-03-03 16:34:54 -0600,1.226
Kerluke-Rosenbaum Incredible Copper Table,02Ea repellat ratione accusantium.,2020-03-10 15:34:57 -0600,1.226
Kerluke-Rosenbaum Incredible Copper Table,02Ea repellat ratione accusantium.,2020-03-22 16:24:34 -0600,1.226
Kerluke-Rosenbaum Incredible Copper Table,02Ea repellat ratione accusantium.,2019-09-02 14:42:05 -0500,1.226
Kerluke-Rosenbaum Incredible Copper Table,02Ea repellat ratione accusantium.,2019-09-13 12:54:59 -0500,1.226
Kerluke-Rosenbaum Incredible Copper Table,02Ea repellat ratione accusantium.,2019-10-26 20:13:55 -0500,1.226
Kerluke-Rosenbaum Incredible Copper Table,02Ea repellat ratione accusantium.,2020-02-19 06:07:44 -0600,1.226
Kerluke-Rosenbaum Incredible Copper Table,02Ea repellat ratione accusantium.,2020-03-07 06:46:04 -0600,1.226
Kerluke-Rosenbaum Incredible Copper Table,02Ea repellat ratione accusantium.,2019-07-16 07:03:28 -0500,1.226
Kiehn Group Lightweight Paper Chair,01Distinctio repellat quibusdam facilis.,2020-02-26 01:31:37 -0600,2.48
Kiehn Group Lightweight Paper Chair,01Distinctio repellat quibusdam facilis.,2019-08-29 03:08:46 -0500,2.48
Kiehn Group Lightweight Paper Chair,01Distinctio repellat quibusdam facilis.,2019-11-19 16:01:23 -0600,2.48
Kiehn Group Lightweight Paper Chair,01Distinctio repellat quibusdam facilis.,2019-12-19 11:24:13 -0600,2.48
Kiehn Group Lightweight Paper Chair,01Distinctio repellat quibusdam facilis.,2020-03-18 12:16:23 -0600,2.48
Kiehn Group Lightweight Paper Chair,01Distinctio repellat quibusdam facilis.,2020-01-22 07:52:55 -0600,2.48
Kiehn Group Lightweight Paper Chair,01Distinctio repellat quibusdam facilis.,2020-05-07 21:15:09 -0500,2.48
Kiehn Group Lightweight Paper Chair,01Distinctio repellat quibusdam facilis.,2020-06-05 22:28:39 -0500,2.48
Kiehn Group Lightweight Paper Chair,01Distinctio repellat quibusdam facilis.,2019-10-08 08:28:05 -0500,2.48
Kiehn Group Lightweight Paper Chair,01Distinctio repellat quibusdam facilis.,2020-02-10 17:30:27 -0600,2.48
Kiehn Group Lightweight Paper Chair,01Distinctio repellat quibusdam facilis.,2019-07-11 08:33:14 -0500,2.48
Kiehn Group Lightweight Paper Chair,01Distinctio repellat quibusdam facilis.,2020-04-02 21:12:17 -0600,2.48
Kiehn Group Lightweight Paper Chair,01Distinctio repellat quibusdam facilis.,2019-12-14 05:48:54 -0600,2.48
Kiehn Group Lightweight Paper Chair,01Distinctio repellat quibusdam facilis.,2019-09-11 04:17:48 -0500,2.48
Kiehn Group Lightweight Paper Chair,01Distinctio repellat quibusdam facilis.,2020-05-19 00:52:40 -0500,2.48
Kiehn Group Lightweight Paper Chair,01Distinctio repellat quibusdam facilis.,2020-02-23 22:20:37 -0600,2.48
Kiehn Group Lightweight Paper Chair,01Distinctio repellat quibusdam facilis.,2020-01-17 00:08:05 -0600,2.48
Kiehn Group Lightweight Paper Chair,01Distinctio repellat quibusdam facilis.,2019-12-14 02:53:15 -0600,2.48
Kiehn Group Lightweight Paper Chair,01Distinctio repellat quibusdam facilis.,2020-05-25 20:35:19 -0500,2.48
Kiehn Group Lightweight Paper Chair,01Distinctio repellat quibusdam facilis.,2020-05-06 11:09:49 -0500,2.48
Kiehn Group Lightweight Paper Chair,01Distinctio repellat quibusdam facilis.,2019-12-30 23:40:54 -0600,2.48
Kiehn Group Lightweight Paper Chair,01Distinctio repellat quibusdam facilis.,2020-06-10 19:05:23 -0500,2.48
Kiehn Group Lightweight Paper Chair,01Distinctio repellat quibusdam facilis.,2020-06-10 10:14:10 -0500,2.48
Kiehn Group Lightweight Paper Chair,01Distinctio repellat quibusdam facilis.,2019-07-08 22:28:38 -0500,2.48
Kiehn Group Lightweight Paper Chair,01Distinctio repellat quibusdam facilis.,2020-06-18 05:20:05 -0500,2.48
Kiehn Group Lightweight Paper Chair,01Distinctio repellat quibusdam facilis.,2020-06-12 00:27:13 -0500,2.48
Kiehn Group Lightweight Paper Chair,01Distinctio repellat quibusdam facilis.,2019-07-03 03:46:54 -0500,2.48
Kiehn Group Lightweight Paper Chair,01Distinctio repellat quibusdam facilis.,2020-04-20 16:39:51 -0500,2.48
Kiehn Group Lightweight Paper Chair,01Distinctio repellat quibusdam facilis.,2020-02-18 03:53:39 -0600,2.48
Kiehn Group Lightweight Paper Chair,01Distinctio repellat quibusdam facilis.,2019-12-22 01:53:33 -0600,2.48
Kiehn Group Lightweight Paper Chair,01Distinctio repellat quibusdam facilis.,2019-10-16 03:09:06 -0500,2.48
Kiehn Group Lightweight Paper Chair,01Distinctio repellat quibusdam facilis.,2020-03-13 04:46:55 -0600,2.48
Kiehn Group Lightweight Paper Chair,01Distinctio repellat quibusdam facilis.,2019-09-16 21:10:04 -0500,2.48
Kiehn Group Lightweight Paper Chair,01Distinctio repellat quibusdam facilis.,2020-05-31 21:39:01 -0500,2.48
Kiehn Group Lightweight Paper Chair,01Distinctio repellat quibusdam facilis.,2020-04-05 20:39:59 -0500,2.48
Kiehn Group Lightweight Paper Chair,01Distinctio repellat quibusdam facilis.,2020-05-01 08:50:22 -0500,2.48
Kiehn Group Lightweight Paper Chair,01Distinctio repellat quibusdam facilis.,2020-04-17 14:45:33 -0500,2.48
Kiehn Group Lightweight Paper Chair,01Distinctio repellat quibusdam facilis.,2020-03-19 07:10:21 -0600,2.48
Kiehn Group Lightweight Paper Chair,01Distinctio repellat quibusdam facilis.,2019-07-01 23:40:59 -0500,2.48
Kiehn Group Lightweight Paper Chair,01Distinctio repellat quibusdam facilis.,2020-04-15 16:25:10 -0500,2.48
Kiehn Group Lightweight Paper Chair,01Distinctio repellat quibusdam facilis.,2019-12-13 16:31:56 -0600,2.48
Kiehn Group Lightweight Paper Chair,01Distinctio repellat quibusdam facilis.,2019-06-21 05:10:56 -0500,2.48
Kiehn Group Lightweight Paper Chair,01Distinctio repellat quibusdam facilis.,2020-01-29 11:16:45 -0600,2.48
Kiehn Group Lightweight Paper Chair,01Distinctio repellat quibusdam facilis.,2019-09-07 12:12:57 -0500,2.48
Kiehn Group Lightweight Paper Chair,01Distinctio repellat quibusdam facilis.,2019-12-19 23:28:10 -0600,2.48
Kiehn Group Lightweight Paper Chair,01Distinctio repellat quibusdam facilis.,2019-10-24 23:57:56 -0500,2.48
Kiehn Group Lightweight Paper Chair,01Distinctio repellat quibusdam facilis.,2020-04-07 10:45:38 -0500,2.48
Kiehn Group Lightweight Paper Chair,01Distinctio repellat quibusdam facilis.,2019-11-07 06:40:48 -0600,2.48
Kiehn Group Lightweight Paper Chair,01Distinctio repellat quibusdam facilis.,2019-12-12 12:36:39 -0600,2.48
Kiehn Group Lightweight Paper Chair,01Distinctio repellat quibusdam facilis.,2019-07-21 08:32:37 -0500,2.48
Kiehn Group Lightweight Paper Chair,01Distinctio repellat quibusdam facilis.,2019-11-30 07:23:32 -0600,2.48
Kiehn Group Lightweight Paper Chair,01Distinctio repellat quibusdam facilis.,2019-09-15 06:42:55 -0500,2.48
Kiehn Group Lightweight Paper Chair,01Distinctio repellat quibusdam facilis.,2019-10-04 07:00:06 -0500,2.48
Kiehn Group Lightweight Paper Chair,01Distinctio repellat quibusdam facilis.,2019-10-24 20:14:02 -0500,2.48
Kiehn Group Lightweight Paper Chair,01Distinctio repellat quibusdam facilis.,2019-11-02 23:53:35 -0600,2.48
Kiehn Group Lightweight Paper Chair,01Distinctio repellat quibusdam facilis.,2020-02-29 03:40:49 -0600,2.48
Kiehn Group Lightweight Paper Chair,01Distinctio repellat quibusdam facilis.,2019-07-30 14:56:33 -0500,2.48
Kiehn Group Lightweight Paper Chair,01Distinctio repellat quibusdam facilis.,2019-11-06 03:45:40 -0600,2.48
Kiehn Group Lightweight Paper Chair,01Distinctio repellat quibusdam facilis.,2020-05-02 11:09:16 -0500,2.48
Kiehn Group Lightweight Paper Chair,01Distinctio repellat quibusdam facilis.,2019-09-06 17:38:57 -0500,2.48
Kiehn Group Lightweight Paper Chair,01Distinctio repellat quibusdam facilis.,2019-09-28 13:37:20 -0500,2.48
Kiehn Group Lightweight Paper Chair,01Distinctio repellat quibusdam facilis.,2019-09-12 18:24:35 -0500,2.48
Kiehn Group Lightweight Paper Chair,01Distinctio repellat quibusdam facilis.,2019-07-01 11:09:05 -0500,2.48
Kiehn Group Lightweight Paper Chair,01Distinctio repellat quibusdam facilis.,2019-07-16 11:39:44 -0500,2.48
Kiehn Group Lightweight Paper Chair,01Distinctio repellat quibusdam facilis.,2019-08-09 03:12:55 -0500,2.48
Kiehn Group Lightweight Paper Chair,01Distinctio repellat quibusdam facilis.,2020-04-09 20:12:03 -0500,2.48
Kiehn Group Lightweight Paper Chair,01Distinctio repellat quibusdam facilis.,2019-09-27 01:43:20 -0500,2.48
Kiehn Group Lightweight Paper Chair,01Distinctio repellat quibusdam facilis.,2020-04-24 23:35:15 -0500,2.48
Kiehn Group Lightweight Paper Chair,01Distinctio repellat quibusdam facilis.,2020-03-11 16:32:31 -0600,2.48
Kiehn Group Lightweight Paper Chair,01Distinctio repellat quibusdam facilis.,2019-09-01 13:16:41 -0500,2.48
Kiehn Group Lightweight Paper Chair,01Distinctio repellat quibusdam facilis.,2020-04-11 12:59:19 -0500,2.48
Kiehn Group Lightweight Paper Chair,01Distinctio repellat quibusdam facilis.,2020-05-27 14:10:37 -0500,2.48
Kiehn Group Lightweight Paper Chair,01Distinctio repellat quibusdam facilis.,2019-08-22 00:28:48 -0500,2.48
Kiehn Group Lightweight Paper Chair,01Distinctio repellat quibusdam facilis.,2020-05-25 12:57:37 -0500,2.48
Kiehn Group Lightweight Paper Chair,01Distinctio repellat quibusdam facilis.,2020-06-03 15:55:49 -0500,2.48
Kiehn Group Lightweight Paper Chair,01Distinctio repellat quibusdam facilis.,2019-09-07 20:53:41 -0500,2.48
Kiehn Group Lightweight Paper Chair,01Distinctio repellat quibusdam facilis.,2019-12-22 20:37:51 -0600,2.48
Kiehn Group Lightweight Paper Chair,01Distinctio repellat quibusdam facilis.,2019-12-14 05:03:44 -0600,2.48
Kiehn Group Lightweight Paper Chair,01Distinctio repellat quibusdam facilis.,2020-06-17 22:33:10 -0500,2.48
Kiehn Group Lightweight Paper Chair,01Distinctio repellat quibusdam facilis.,2019-08-02 06:21:25 -0500,2.48
Kiehn Group Lightweight Paper Chair,01Distinctio repellat quibusdam facilis.,2020-04-17 23:33:10 -0500,2.48
Kiehn Group Lightweight Paper Chair,01Distinctio repellat quibusdam facilis.,2019-12-08 19:18:47 -0600,2.48
Kiehn Group Lightweight Paper Chair,01Distinctio repellat quibusdam facilis.,2019-09-26 23:06:11 -0500,2.48
Kiehn Group Lightweight Paper Chair,01Distinctio repellat quibusdam facilis.,2019-08-07 01:23:35 -0500,2.48
Kiehn Group Lightweight Paper Chair,01Distinctio repellat quibusdam facilis.,2020-01-15 04:30:01 -0600,2.48
Kiehn Group Lightweight Paper Chair,01Distinctio repellat quibusdam facilis.,2020-02-07 20:41:31 -0600,2.48
Kiehn Group Lightweight Paper Chair,01Distinctio repellat quibusdam facilis.,2019-12-27 15:56:13 -0600,2.48
Kiehn Group Lightweight Paper Chair,01Distinctio repellat quibusdam facilis.,2020-05-28 07:50:53 -0500,2.48
Kiehn Group Lightweight Paper Chair,01Distinctio repellat quibusdam facilis.,2020-06-13 22:43:23 -0500,2.48
Kiehn Group Lightweight Paper Chair,01Distinctio repellat quibusdam facilis.,2020-04-25 13:03:30 -0500,2.48
Kiehn Group Lightweight Paper Chair,01Distinctio repellat quibusdam facilis.,2019-09-08 05:42:19 -0500,2.48
Kiehn Group Lightweight Paper Chair,01Distinctio repellat quibusdam facilis.,2019-08-03 23:00:56 -0500,2.48
Kiehn Group Lightweight Paper Chair,01Distinctio repellat quibusdam facilis.,2019-07-03 07:38:10 -0500,2.48
Kiehn Group Lightweight Paper Chair,01Distinctio repellat quibusdam facilis.,2020-06-05 21:24:11 -0500,2.48
Kiehn Group Lightweight Paper Chair,01Distinctio repellat quibusdam facilis.,2020-06-08 14:18:53 -0500,2.48
Jacobi and Sons Sleek Granite Coat,00Porro non fuga omnis.,2019-09-14 07:11:53 -0500,1.44
Jacobi and Sons Sleek Granite Coat,00Porro non fuga omnis.,2019-07-29 19:34:41 -0500,1.44
Jacobi and Sons Sleek Granite Coat,00Porro non fuga omnis.,2020-01-05 09:14:08 -0600,1.44
Jacobi and Sons Sleek Granite Coat,00Porro non fuga omnis.,2019-09-22 13:55:45 -0500,1.44
Jacobi and Sons Sleek Granite Coat,00Porro non fuga omnis.,2020-03-14 07:11:54 -0600,1.44
Jacobi and Sons Sleek Granite Coat,00Porro non fuga omnis.,2019-10-01 19:33:52 -0500,1.44
Jacobi and Sons Sleek Granite Coat,00Porro non fuga omnis.,2019-07-07 12:28:41 -0500,1.44
Jacobi and Sons Sleek Granite Coat,00Porro non fuga omnis.,2019-06-20 22:33:07 -0500,1.44
Jacobi and Sons Sleek Granite Coat,00Porro non fuga omnis.,2019-07-13 13:55:00 -0500,1.44
Jacobi and Sons Sleek Granite Coat,00Porro non fuga omnis.,2019-09-29 19:50:52 -0500,1.44
Jacobi and Sons Sleek Granite Coat,00Porro non fuga omnis.,2020-02-12 01:06:49 -0600,1.44
Jacobi and Sons Sleek Granite Coat,00Porro non fuga omnis.,2020-05-13 13:44:32 -0500,1.44
Jacobi and Sons Sleek Granite Coat,00Porro non fuga omnis.,2020-06-03 07:31:35 -0500,1.44
Jacobi and Sons Sleek Granite Coat,00Porro non fuga omnis.,2019-08-13 08:37:10 -0500,1.44
Jacobi and Sons Sleek Granite Coat,00Porro non fuga omnis.,2019-07-11 18:14:31 -0500,1.44
Jacobi and Sons Sleek Granite Coat,00Porro non fuga omnis.,2019-10-14 05:15:04 -0500,1.44
Jacobi and Sons Sleek Granite Coat,00Porro non fuga omnis.,2019-11-07 21:41:35 -0600,1.44
Jacobi and Sons Sleek Granite Coat,00Porro non fuga omnis.,2019-07-24 16:07:12 -0500,1.44
Jacobi and Sons Sleek Granite Coat,00Porro non fuga omnis.,2019-06-29 01:37:30 -0500,1.44
Jacobi and Sons Sleek Granite Coat,00Porro non fuga omnis.,2020-02-15 15:43:22 -0600,1.44
Jacobi and Sons Sleek Granite Coat,00Porro non fuga omnis.,2020-03-12 09:05:26 -0600,1.44
Jacobi and Sons Sleek Granite Coat,00Porro non fuga omnis.,2020-06-07 15:40:54 -0500,1.44
Jacobi and Sons Sleek Granite Coat,00Porro non fuga omnis.,2019-10-03 00:32:53 -0500,1.44
Jacobi and Sons Sleek Granite Coat,00Porro non fuga omnis.,2020-03-16 21:12:38 -0600,1.44
Jacobi and Sons Sleek Granite Coat,00Porro non fuga omnis.,2019-07-02 07:41:39 -0500,1.44
Jacobi and Sons Sleek Granite Coat,00Porro non fuga omnis.,2019-07-26 19:47:50 -0500,1.44
Jacobi and Sons Sleek Granite Coat,00Porro non fuga omnis.,2019-10-17 06:17:27 -0500,1.44
Jacobi and Sons Sleek Granite Coat,00Porro non fuga omnis.,2019-12-10 13:33:05 -0600,1.44
Jacobi and Sons Sleek Granite Coat,00Porro non fuga omnis.,2020-01-25 22:27:52 -0600,1.44
Jacobi and Sons Sleek Granite Coat,00Porro non fuga omnis.,2020-06-18 02:08:35 -0500,1.44
Jacobi and Sons Sleek Granite Coat,00Porro non fuga omnis.,2019-07-27 08:45:21 -0500,1.44
Jacobi and Sons Sleek Granite Coat,00Porro non fuga omnis.,2020-04-16 07:23:05 -0500,1.44
Jacobi and Sons Sleek Granite Coat,00Porro non fuga omnis.,2019-07-04 22:54:50 -0500,1.44
Jacobi and Sons Sleek Granite Coat,00Porro non fuga omnis.,2020-01-13 06:06:25 -0600,1.44
Jacobi and Sons Sleek Granite Coat,00Porro non fuga omnis.,2020-02-17 20:45:04 -0600,1.44
Jacobi and Sons Sleek Granite Coat,00Porro non fuga omnis.,2020-03-15 15:09:18 -0600,1.44
Jacobi and Sons Sleek Granite Coat,00Porro non fuga omnis.,2020-01-28 02:42:13 -0600,1.44
Jacobi and Sons Sleek Granite Coat,00Porro non fuga omnis.,2020-01-02 10:53:38 -0600,1.44
Jacobi and Sons Sleek Granite Coat,00Porro non fuga omnis.,2020-02-03 15:37:26 -0600,1.44
Jacobi and Sons Sleek Granite Coat,00Porro non fuga omnis.,2020-05-14 11:09:03 -0500,1.44
Jacobi and Sons Sleek Granite Coat,00Porro non fuga omnis.,2019-10-21 08:05:40 -0500,1.44
Jacobi and Sons Sleek Granite Coat,00Porro non fuga omnis.,2019-07-24 17:29:30 -0500,1.44
Jacobi and Sons Sleek Granite Coat,00Porro non fuga omnis.,2020-04-01 10:38:02 -0600,1.44
Jacobi and Sons Sleek Granite Coat,00Porro non fuga omnis.,2019-12-20 16:55:02 -0600,1.44
Jacobi and Sons Sleek Granite Coat,00Porro non fuga omnis.,2019-07-04 00:46:10 -0500,1.44
Jacobi and Sons Sleek Granite Coat,00Porro non fuga omnis.,2019-09-19 00:12:16 -0500,1.44
Jacobi and Sons Sleek Granite Coat,00Porro non fuga omnis.,2019-08-28 07:20:46 -0500,1.44
Jacobi and Sons Sleek Granite Coat,00Porro non fuga omnis.,2020-02-06 13:35:03 -0600,1.44
Jacobi and Sons Sleek Granite Coat,00Porro non fuga omnis.,2020-06-16 00:05:40 -0500,1.44
Jacobi and Sons Sleek Granite Coat,00Porro non fuga omnis.,2020-02-20 04:10:05 -0600,1.44
Jacobi and Sons Sleek Granite Coat,00Porro non fuga omnis.,2019-11-10 01:05:59 -0600,1.44
Jacobi and Sons Sleek Granite Coat,00Porro non fuga omnis.,2020-05-28 07:31:18 -0500,1.44
Jacobi and Sons Sleek Granite Coat,00Porro non fuga omnis.,2020-06-10 22:08:52 -0500,1.44
Jacobi and Sons Sleek Granite Coat,00Porro non fuga omnis.,2020-03-21 01:31:58 -0600,1.44
Jacobi and Sons Sleek Granite Coat,00Porro non fuga omnis.,2019-11-04 06:11:15 -0600,1.44
Jacobi and Sons Sleek Granite Coat,00Porro non fuga omnis.,2020-01-23 03:03:20 -0600,1.44
Jacobi and Sons Sleek Granite Coat,00Porro non fuga omnis.,2019-12-02 23:53:43 -0600,1.44
Jacobi and Sons Sleek Granite Coat,00Porro non fuga omnis.,2019-09-07 19:21:49 -0500,1.44
Jacobi and Sons Sleek Granite Coat,00Porro non fuga omnis.,2020-03-25 11:25:56 -0600,1.44
Jacobi and Sons Sleek Granite Coat,00Porro non fuga omnis.,2020-04-13 05:29:23 -0500,1.44
Jacobi and Sons Sleek Granite Coat,00Porro non fuga omnis.,2019-11-28 23:44:02 -0600,1.44
Jacobi and Sons Sleek Granite Coat,00Porro non fuga omnis.,2020-06-15 15:49:27 -0500,1.44
Jacobi and Sons Sleek Granite Coat,00Porro non fuga omnis.,2019-11-30 23:50:52 -0600,1.44
Jacobi and Sons Sleek Granite Coat,00Porro non fuga omnis.,2019-07-10 14:09:29 -0500,1.44
Jacobi and Sons Sleek Granite Coat,00Porro non fuga omnis.,2020-05-02 00:44:57 -0500,1.44
Jacobi and Sons Sleek Granite Coat,00Porro non fuga omnis.,2020-01-10 09:41:51 -0600,1.44
Jacobi and Sons Sleek Granite Coat,00Porro non fuga omnis.,2020-04-12 03:49:50 -0500,1.44
Okuneva LLC Small Silk Clock,01Facere eum odio voluptatem.,2019-09-17 03:45:28 -0500,0.888
Okuneva LLC Small Silk Clock,01Facere eum odio voluptatem.,2019-07-10 14:02:04 -0500,0.888
Okuneva LLC Small Silk Clock,01Facere eum odio voluptatem.,2019-07-09 14:46:46 -0500,0.888
Okuneva LLC Small Silk Clock,01Facere eum odio voluptatem.,2020-02-21 07:30:01 -0600,0.888
Okuneva LLC Small Silk Clock,01Facere eum odio voluptatem.,2019-11-19 14:29:20 -0600,0.888
Okuneva LLC Small Silk Clock,01Facere eum odio voluptatem.,2020-02-24 13:59:22 -0600,0.888
Okuneva LLC Small Silk Clock,01Facere eum odio voluptatem.,2019-10-04 04:19:51 -0500,0.888
Okuneva LLC Small Silk Clock,01Facere eum odio voluptatem.,2019-11-27 14:54:25 -0600,0.888
Okuneva LLC Small Silk Clock,01Facere eum odio voluptatem.,2019-10-21 20:38:04 -0500,0.888
Okuneva LLC Small Silk Clock,01Facere eum odio voluptatem.,2020-03-10 02:21:16 -0600,0.888
Okuneva LLC Small Silk Clock,01Facere eum odio voluptatem.,2019-09-14 18:07:45 -0500,0.888
Okuneva LLC Small Silk Clock,01Facere eum odio voluptatem.,2020-05-31 16:29:03 -0500,0.888
Okuneva LLC Small Silk Clock,01Facere eum odio voluptatem.,2019-06-27 04:39:59 -0500,0.888
Okuneva LLC Small Silk Clock,01Facere eum odio voluptatem.,2019-11-27 22:34:55 -0600,0.888
Okuneva LLC Small Silk Clock,01Facere eum odio voluptatem.,2019-06-24 06:39:48 -0500,0.888
Okuneva LLC Small Silk Clock,01Facere eum odio voluptatem.,2020-04-01 22:27:54 -0600,0.888
Okuneva LLC Small Silk Clock,01Facere eum odio voluptatem.,2019-12-20 21:30:41 -0600,0.888
Okuneva LLC Small Silk Clock,01Facere eum odio voluptatem.,2020-02-07 16:24:13 -0600,0.888
Okuneva LLC Small Silk Clock,01Facere eum odio voluptatem.,2019-12-15 10:22:55 -0600,0.888
Okuneva LLC Small Silk Clock,01Facere eum odio voluptatem.,2019-11-04 15:43:02 -0600,0.888
Okuneva LLC Small Silk Clock,01Facere eum odio voluptatem.,2020-02-05 16:57:54 -0600,0.888
Okuneva LLC Small Silk Clock,01Facere eum odio voluptatem.,2019-08-05 22:46:18 -0500,0.888
Okuneva LLC Small Silk Clock,01Facere eum odio voluptatem.,2020-02-26 22:08:02 -0600,0.888
Okuneva LLC Small Silk Clock,01Facere eum odio voluptatem.,2019-10-23 17:45:46 -0500,0.888
Okuneva LLC Small Silk Clock,01Facere eum odio voluptatem.,2019-07-16 02:03:24 -0500,0.888
Okuneva LLC Small Silk Clock,01Facere eum odio voluptatem.,2019-07-16 15:27:13 -0500,0.888
Okuneva LLC Small Silk Clock,01Facere eum odio voluptatem.,2020-03-17 21:05:20 -0600,0.888
Okuneva LLC Small Silk Clock,01Facere eum odio voluptatem.,2020-01-21 00:48:45 -0600,0.888
Okuneva LLC Small Silk Clock,01Facere eum odio voluptatem.,2019-07-19 23:58:36 -0500,0.888
Okuneva LLC Small Silk Clock,01Facere eum odio voluptatem.,2019-10-26 05:12:23 -0500,0.888
Okuneva LLC Small Silk Clock,01Facere eum odio voluptatem.,2019-08-24 11:11:01 -0500,0.888
Okuneva LLC Small Silk Clock,01Facere eum odio voluptatem.,2019-12-12 04:11:06 -0600,0.888
Okuneva LLC Small Silk Clock,01Facere eum odio voluptatem.,2020-05-23 05:33:29 -0500,0.888
Okuneva LLC Small Silk Clock,01Facere eum odio voluptatem.,2020-03-26 20:35:34 -0600,0.888
Okuneva LLC Small Silk Clock,01Facere eum odio voluptatem.,2019-12-21 12:50:34 -0600,0.888
Okuneva LLC Small Silk Clock,01Facere eum odio voluptatem.,2020-05-13 13:50:02 -0500,0.888
Okuneva LLC Small Silk Clock,01Facere eum odio voluptatem.,2019-09-12 15:59:47 -0500,0.888
Okuneva LLC Small Silk Clock,01Facere eum odio voluptatem.,2020-05-31 16:32:13 -0500,0.888
Okuneva LLC Small Silk Clock,01Facere eum odio voluptatem.,2020-03-23 05:17:51 -0600,0.888
Okuneva LLC Small Silk Clock,01Facere eum odio voluptatem.,2019-08-07 16:43:44 -0500,0.888
Okuneva LLC Small Silk Clock,01Facere eum odio voluptatem.,2020-01-19 01:26:23 -0600,0.888
Okuneva LLC Small Silk Clock,01Facere eum odio voluptatem.,2019-07-14 22:08:11 -0500,0.888
Okuneva LLC Small Silk Clock,01Facere eum odio voluptatem.,2019-07-17 17:31:26 -0500,0.888
Okuneva LLC Small Silk Clock,01Facere eum odio voluptatem.,2019-11-14 22:51:08 -0600,0.888
Okuneva LLC Small Silk Clock,01Facere eum odio voluptatem.,2019-10-11 07:47:08 -0500,0.888
Okuneva LLC Small Silk Clock,01Facere eum odio voluptatem.,2019-09-18 16:43:17 -0500,0.888
Okuneva LLC Small Silk Clock,01Facere eum odio voluptatem.,2019-12-20 02:58:42 -0600,0.888
Okuneva LLC Small Silk Clock,01Facere eum odio voluptatem.,2020-03-11 17:19:38 -0600,0.888
Okuneva LLC Small Silk Clock,01Facere eum odio voluptatem.,2019-09-29 07:19:22 -0500,0.888
Okuneva LLC Small Silk Clock,01Facere eum odio voluptatem.,2019-08-28 09:04:18 -0500,0.888
Okuneva LLC Small Silk Clock,01Facere eum odio voluptatem.,2020-03-27 00:15:10 -0600,0.888
Okuneva LLC Small Silk Clock,01Facere eum odio voluptatem.,2019-09-15 16:55:31 -0500,0.888
Okuneva LLC Small Silk Clock,01Facere eum odio voluptatem.,2020-02-23 13:52:15 -0600,0.888
Okuneva LLC Small Silk Clock,01Facere eum odio voluptatem.,2019-10-27 08:51:39 -0600,0.888
Okuneva LLC Small Silk Clock,01Facere eum odio voluptatem.,2020-03-28 07:31:18 -0600,0.888
Okuneva LLC Small Silk Clock,01Facere eum odio voluptatem.,2019-08-16 23:10:46 -0500,0.888
Okuneva LLC Small Silk Clock,01Facere eum odio voluptatem.,2019-07-23 14:05:49 -0500,0.888
Okuneva LLC Small Silk Clock,01Facere eum odio voluptatem.,2019-09-15 10:07:10 -0500,0.888
Leannon LLC Enormous Marble Shoes,02Quia officiis voluptates non.,2019-11-13 03:46:03 -0600,0.414
Leannon LLC Enormous Marble Shoes,02Quia officiis voluptates non.,2020-01-22 08:35:32 -0600,0.414
Leannon LLC Enormous Marble Shoes,02Quia officiis voluptates non.,2020-06-01 01:32:09 -0500,0.414
Leannon LLC Enormous Marble Shoes,02Quia officiis voluptates non.,2019-10-13 08:50:47 -0500,0.414
Leannon LLC Enormous Marble Shoes,02Quia officiis voluptates non.,2020-04-22 00:06:31 -0500,0.414
Leannon LLC Enormous Marble Shoes,02Quia officiis voluptates non.,2020-04-14 00:33:37 -0500,0.414
Leannon LLC Enormous Marble Shoes,02Quia officiis voluptates non.,2019-07-09 14:23:28 -0500,0.414
Leannon LLC Enormous Marble Shoes,02Quia officiis voluptates non.,2019-11-21 04:50:20 -0600,0.414
Leannon LLC Enormous Marble Shoes,02Quia officiis voluptates non.,2020-03-24 10:09:56 -0600,0.414
Leannon LLC Enormous Marble Shoes,02Quia officiis voluptates non.,2020-05-05 20:08:35 -0500,0.414
Leannon LLC Enormous Marble Shoes,02Quia officiis voluptates non.,2019-10-31 15:14:13 -0600,0.414
Leannon LLC Enormous Marble Shoes,02Quia officiis voluptates non.,2019-09-23 13:46:57 -0500,0.414
Leannon LLC Enormous Marble Shoes,02Quia officiis voluptates non.,2019-07-03 11:58:49 -0500,0.414
Leannon LLC Enormous Marble Shoes,02Quia officiis voluptates non.,2019-10-23 16:52:26 -0500,0.414
Leannon LLC Enormous Marble Shoes,02Quia officiis voluptates non.,2019-11-11 21:40:05 -0600,0.414
Leannon LLC Enormous Marble Shoes,02Quia officiis voluptates non.,2019-10-17 01:28:42 -0500,0.414
Leannon LLC Enormous Marble Shoes,02Quia officiis voluptates non.,2019-08-09 00:39:43 -0500,0.414
Leannon LLC Enormous Marble Shoes,02Quia officiis voluptates non.,2019-10-31 06:51:46 -0600,0.414
Leannon LLC Enormous Marble Shoes,02Quia officiis voluptates non.,2020-03-19 00:49:35 -0600,0.414
Leannon LLC Enormous Marble Shoes,02Quia officiis voluptates non.,2019-06-27 09:36:02 -0500,0.414
Leannon LLC Enormous Marble Shoes,02Quia officiis voluptates non.,2020-01-09 13:31:01 -0600,0.414
Leannon LLC Enormous Marble Shoes,02Quia officiis voluptates non.,2019-07-24 17:36:02 -0500,0.414
Leannon LLC Enormous Marble Shoes,02Quia officiis voluptates non.,2019-10-15 17:34:20 -0500,0.414
Leannon LLC Enormous Marble Shoes,02Quia officiis voluptates non.,2020-05-13 16:15:03 -0500,0.414
Leannon LLC Enormous Marble Shoes,02Quia officiis voluptates non.,2020-02-27 19:18:01 -0600,0.414
Leannon LLC Enormous Marble Shoes,02Quia officiis voluptates non.,2020-05-30 03:37:37 -0500,0.414
Leannon LLC Enormous Marble Shoes,02Quia officiis voluptates non.,2020-05-10 22:07:06 -0500,0.414
Leannon LLC Enormous Marble Shoes,02Quia officiis voluptates non.,2020-04-15 04:15:16 -0500,0.414
Leannon LLC Enormous Marble Shoes,02Quia officiis voluptates non.,2020-03-30 07:25:07 -0600,0.414
Leannon LLC Enormous Marble Shoes,02Quia officiis voluptates non.,2020-02-10 12:18:33 -0600,0.414
Leannon LLC Enormous Marble Shoes,02Quia officiis voluptates non.,2019-09-03 16:17:33 -0500,0.414
Leannon LLC Enormous Marble Shoes,02Quia officiis voluptates non.,2020-01-16 16:29:42 -0600,0.414
Leannon LLC Enormous Marble Shoes,02Quia officiis voluptates non.,2020-03-26 23:37:54 -0600,0.414
Leannon LLC Enormous Marble Shoes,02Quia officiis voluptates non.,2019-09-24 17:14:44 -0500,0.414
Leannon LLC Enormous Marble Shoes,02Quia officiis voluptates non.,2019-06-26 12:15:52 -0500,0.414
Leannon LLC Enormous Marble Shoes,02Quia officiis voluptates non.,2019-10-08 15:39:24 -0500,0.414
Leannon LLC Enormous Marble Shoes,02Quia officiis voluptates non.,2020-04-29 13:56:15 -0500,0.414
Leannon LLC Enormous Marble Shoes,02Quia officiis voluptates non.,2020-05-23 19:55:39 -0500,0.414
Leannon LLC Enormous Marble Shoes,02Quia officiis voluptates non.,2020-05-12 03:55:10 -0500,0.414
Leannon LLC Enormous Marble Shoes,02Quia officiis voluptates non.,2020-01-11 17:17:27 -0600,0.414
Leannon LLC Enormous Marble Shoes,02Quia officiis voluptates non.,2019-12-11 13:13:47 -0600,0.414
Leannon LLC Enormous Marble Shoes,02Quia officiis voluptates non.,2019-11-10 23:40:54 -0600,0.414
Leannon LLC Enormous Marble Shoes,02Quia officiis voluptates non.,2019-11-06 19:22:10 -0600,0.414
Leannon LLC Enormous Marble Shoes,02Quia officiis voluptates non.,2020-06-17 02:51:29 -0500,0.414
Leannon LLC Enormous Marble Shoes,02Quia officiis voluptates non.,2020-02-09 23:50:26 -0600,0.414
Leannon LLC Enormous Marble Shoes,02Quia officiis voluptates non.,2019-08-30 12:04:33 -0500,0.414
Leannon LLC Enormous Marble Shoes,02Quia officiis voluptates non.,2020-06-14 08:05:06 -0500,0.414
Leannon LLC Enormous Marble Shoes,02Quia officiis voluptates non.,2020-04-10 13:05:39 -0500,0.414
Leannon LLC Enormous Marble Shoes,02Quia officiis voluptates non.,2019-12-08 13:44:19 -0600,0.414
Leannon LLC Enormous Marble Shoes,02Quia officiis voluptates non.,2019-06-27 07:48:47 -0500,0.414
Leannon LLC Enormous Marble Shoes,02Quia officiis voluptates non.,2019-08-28 06:40:11 -0500,0.414
Leannon LLC Enormous Marble Shoes,02Quia officiis voluptates non.,2020-02-02 14:13:27 -0600,0.414
Leannon LLC Enormous Marble Shoes,02Quia officiis voluptates non.,2020-03-23 03:49:19 -0600,0.414
Leannon LLC Enormous Marble Shoes,02Quia officiis voluptates non.,2020-02-21 16:52:41 -0600,0.414
Leannon LLC Enormous Marble Shoes,02Quia officiis voluptates non.,2020-02-15 23:16:45 -0600,0.414
Leannon LLC Enormous Marble Shoes,02Quia officiis voluptates non.,2020-01-04 22:02:56 -0600,0.414
Leannon LLC Enormous Marble Shoes,02Quia officiis voluptates non.,2019-07-28 20:27:50 -0500,0.414
Leannon LLC Enormous Marble Shoes,02Quia officiis voluptates non.,2019-10-17 11:08:11 -0500,0.414
Leannon LLC Enormous Marble Shoes,02Quia officiis voluptates non.,2019-12-28 08:54:25 -0600,0.414
Leannon LLC Enormous Marble Shoes,02Quia officiis voluptates non.,2020-02-19 14:23:24 -0600,0.414
Leannon LLC Enormous Marble Shoes,02Quia officiis voluptates non.,2019-07-30 18:24:06 -0500,0.414
Leannon LLC Enormous Marble Shoes,02Quia officiis voluptates non.,2019-10-26 23:11:01 -0500,0.414
Leannon LLC Enormous Marble Shoes,02Quia officiis voluptates non.,2019-08-18 00:55:53 -0500,0.414
Leannon LLC Enormous Marble Shoes,02Quia officiis voluptates non.,2020-02-29 21:45:37 -0600,0.414
Leannon LLC Enormous Marble Shoes,02Quia officiis voluptates non.,2020-01-15 03:20:45 -0600,0.414
Leannon LLC Enormous Marble Shoes,02Quia officiis voluptates non.,2020-06-01 08:24:58 -0500,0.414
Leannon LLC Enormous Marble Shoes,02Quia officiis voluptates non.,2019-07-02 02:29:10 -0500,0.414
Leannon LLC Enormous Marble Shoes,02Quia officiis voluptates non.,2019-11-29 20:53:09 -0600,0.414
Leannon LLC Enormous Marble Shoes,02Quia officiis voluptates non.,2019-12-16 19:23:46 -0600,0.414
Leannon LLC Enormous Marble Shoes,02Quia officiis voluptates non.,2019-07-18 02:59:41 -0500,0.414
Leannon LLC Enormous Marble Shoes,02Quia officiis voluptates non.,2020-04-13 03:10:38 -0500,0.414
Leannon LLC Enormous Marble Shoes,02Quia officiis voluptates non.,2019-10-30 02:42:17 -0600,0.414
Leannon LLC Enormous Marble Shoes,02Quia officiis voluptates non.,2020-05-25 18:30:48 -0500,0.414
Leannon LLC Enormous Marble Shoes,02Quia officiis voluptates non.,2019-07-10 14:45:06 -0500,0.414
Leannon LLC Enormous Marble Shoes,02Quia officiis voluptates non.,2020-06-13 00:06:37 -0500,0.414
Leannon LLC Enormous Marble Shoes,02Quia officiis voluptates non.,2019-12-07 00:34:57 -0600,0.414
Leannon LLC Enormous Marble Shoes,02Quia officiis voluptates non.,2019-12-25 06:23:18 -0600,0.414
Leannon LLC Enormous Marble Shoes,02Quia officiis voluptates non.,2020-06-02 06:37:13 -0500,0.414
Leannon LLC Enormous Marble Shoes,02Quia officiis voluptates non.,2019-09-10 15:09:14 -0500,0.414
Leannon LLC Enormous Marble Shoes,02Quia officiis voluptates non.,2020-03-20 22:07:24 -0600,0.414
Leannon LLC Enormous Marble Shoes,02Quia officiis voluptates non.,2020-02-15 17:25:46 -0600,0.414
Leannon LLC Enormous Marble Shoes,02Quia officiis voluptates non.,2020-03-14 16:44:10 -0600,0.414
Leannon LLC Enormous Marble Shoes,02Quia officiis voluptates non.,2019-09-19 17:32:37 -0500,0.414
Leannon LLC Enormous Marble Shoes,02Quia officiis voluptates non.,2019-11-29 20:02:37 -0600,0.414
Leannon LLC Enormous Marble Shoes,02Quia officiis voluptates non.,2019-07-26 09:31:38 -0500,0.414
"Kohler, Barrows and Denesik Mediocre Leather Bench",01Dolorum ab veritatis optio.,2019-10-29 14:37:04 -0600,1.771
"Kohler, Barrows and Denesik Mediocre Leather Bench",01Dolorum ab veritatis optio.,2019-07-30 03:08:28 -0500,1.771
"Kohler, Barrows and Denesik Mediocre Leather Bench",01Dolorum ab veritatis optio.,2019-08-31 15:33:01 -0500,1.771
"Kohler, Barrows and Denesik Mediocre Leather Bench",01Dolorum ab veritatis optio.,2019-10-26 00:03:38 -0500,1.771
"Kohler, Barrows and Denesik Mediocre Leather Bench",01Dolorum ab veritatis optio.,2019-09-09 16:56:38 -0500,1.771
"Kohler, Barrows and Denesik Mediocre Leather Bench",01Dolorum ab veritatis optio.,2019-06-29 07:12:59 -0500,1.771
"Kohler, Barrows and Denesik Mediocre Leather Bench",01Dolorum ab veritatis optio.,2020-02-15 13:24:27 -0600,1.771
"Kohler, Barrows and Denesik Mediocre Leather Bench",01Dolorum ab veritatis optio.,2020-02-23 21:12:52 -0600,1.771
"Kohler, Barrows and Denesik Mediocre Leather Bench",01Dolorum ab veritatis optio.,2019-12-31 00:28:56 -0600,1.771
"Kohler, Barrows and Denesik Mediocre Leather Bench",01Dolorum ab veritatis optio.,2019-10-19 05:57:46 -0500,1.771
"Kohler, Barrows and Denesik Mediocre Leather Bench",01Dolorum ab veritatis optio.,2019-12-16 10:08:34 -0600,1.771
"Kohler, Barrows and Denesik Mediocre Leather Bench",03Quis eum corporis vero.,2019-07-06 23:05:22 -0500,1.016
"Kohler, Barrows and Denesik Mediocre Leather Bench",03Quis eum corporis vero.,2019-10-04 04:04:43 -0500,1.016
"Kohler, Barrows and Denesik Mediocre Leather Bench",03Quis eum corporis vero.,2019-11-24 05:18:03 -0600,1.016
"Kohler, Barrows and Denesik Mediocre Leather Bench",03Quis eum corporis vero.,2020-04-18 04:17:57 -0500,1.016
"Kohler, Barrows and Denesik Mediocre Leather Bench",03Quis eum corporis vero.,2020-02-21 05:09:15 -0600,1.016
"Kohler, Barrows and Denesik Mediocre Leather Bench",03Quis eum corporis vero.,2019-07-04 23:33:48 -0500,1.016
"Kohler, Barrows and Denesik Mediocre Leather Bench",03Quis eum corporis vero.,2020-02-27 04:14:03 -0600,1.016
"Kohler, Barrows and Denesik Mediocre Leather Bench",03Quis eum corporis vero.,2019-07-27 06:01:24 -0500,1.016
"Kohler, Barrows and Denesik Mediocre Leather Bench",03Quis eum corporis vero.,2019-12-26 03:24:12 -0600,1.016
"Kohler, Barrows and Denesik Mediocre Leather Bench",03Quis eum corporis vero.,2019-10-28 21:13:38 -0600,1.016
"Kohler, Barrows and Denesik Mediocre Leather Bench",03Quis eum corporis vero.,2020-04-05 16:05:11 -0500,1.016
"Kohler, Barrows and Denesik Mediocre Leather Bench",03Quis eum corporis vero.,2019-06-25 01:51:51 -0500,1.016
"Kohler, Barrows and Denesik Mediocre Leather Bench",03Quis eum corporis vero.,2019-09-03 06:29:40 -0500,1.016
"Kohler, Barrows and Denesik Mediocre Leather Bench",03Quis eum corporis vero.,2020-03-09 11:29:36 -0600,1.016
"Kohler, Barrows and Denesik Mediocre Leather Bench",03Quis eum corporis vero.,2019-11-07 08:48:08 -0600,1.016
"Kohler, Barrows and Denesik Mediocre Leather Bench",03Quis eum corporis vero.,2019-11-27 15:09:31 -0600,1.016
"Kohler, Barrows and Denesik Mediocre Leather Bench",03Quis eum corporis vero.,2019-08-18 04:41:30 -0500,1.016
"Kohler, Barrows and Denesik Mediocre Leather Bench",03Quis eum corporis vero.,2019-10-29 04:01:47 -0600,1.016
"Kohler, Barrows and Denesik Mediocre Leather Bench",03Quis eum corporis vero.,2020-03-28 09:38:10 -0600,1.016
"Kohler, Barrows and Denesik Mediocre Leather Bench",03Quis eum corporis vero.,2019-09-11 11:58:31 -0500,1.016
"Kohler, Barrows and Denesik Mediocre Leather Bench",03Quis eum corporis vero.,2019-06-20 23:57:05 -0500,1.016
"Kohler, Barrows and Denesik Mediocre Leather Bench",03Quis eum corporis vero.,2019-12-06 01:27:43 -0600,1.016
"Kohler, Barrows and Denesik Mediocre Leather Bench",03Quis eum corporis vero.,2020-03-22 23:06:18 -0600,1.016
"Kohler, Barrows and Denesik Mediocre Leather Bench",03Quis eum corporis vero.,2020-05-27 01:45:06 -0500,1.016
"Kohler, Barrows and Denesik Mediocre Leather Bench",03Quis eum corporis vero.,2020-01-15 10:26:57 -0600,1.016
"Kohler, Barrows and Denesik Mediocre Leather Bench",03Quis eum corporis vero.,2020-04-19 21:54:45 -0500,1.016
"Kohler, Barrows and Denesik Mediocre Leather Bench",03Quis eum corporis vero.,2019-11-11 18:38:50 -0600,1.016
"Kohler, Barrows and Denesik Mediocre Leather Bench",03Quis eum corporis vero.,2019-10-02 08:54:59 -0500,1.016
"Kohler, Barrows and Denesik Mediocre Leather Bench",03Quis eum corporis vero.,2019-10-14 05:31:08 -0500,1.016
"Kohler, Barrows and Denesik Mediocre Leather Bench",03Quis eum corporis vero.,2019-06-22 12:47:51 -0500,1.016
"Kohler, Barrows and Denesik Mediocre Leather Bench",03Quis eum corporis vero.,2019-07-08 08:35:25 -0500,1.016
"Kohler, Barrows and Denesik Mediocre Leather Bench",03Quis eum corporis vero.,2020-04-08 18:47:56 -0500,1.016
"Kohler, Barrows and Denesik Mediocre Leather Bench",03Quis eum corporis vero.,2019-11-16 04:09:31 -0600,1.016
"Kohler, Barrows and Denesik Mediocre Leather Bench",03Quis eum corporis vero.,2019-12-15 05:35:27 -0600,1.016
"Kohler, Barrows and Denesik Mediocre Leather Bench",03Quis eum corporis vero.,2020-03-13 22:03:09 -0600,1.016
"Kohler, Barrows and Denesik Mediocre Leather Bench",03Quis eum corporis vero.,2020-02-13 15:17:44 -0600,1.016
"Kohler, Barrows and Denesik Mediocre Leather Bench",03Quis eum corporis vero.,2020-05-08 16:20:19 -0500,1.016
"Kohler, Barrows and Denesik Mediocre Leather Bench",03Quis eum corporis vero.,2019-12-28 22:54:48 -0600,1.016
"Kohler, Barrows and Denesik Mediocre Leather Bench",03Quis eum corporis vero.,2020-01-13 02:37:23 -0600,1.016
"Kohler, Barrows and Denesik Mediocre Leather Bench",03Quis eum corporis vero.,2019-06-24 12:17:37 -0500,1.016
"Kohler, Barrows and Denesik Mediocre Leather Bench",03Quis eum corporis vero.,2020-05-16 12:14:24 -0500,1.016
"Kohler, Barrows and Denesik Mediocre Leather Bench",03Quis eum corporis vero.,2019-11-20 05:33:51 -0600,1.016
"Kohler, Barrows and Denesik Mediocre Leather Bench",03Quis eum corporis vero.,2020-04-11 02:33:38 -0500,1.016
"Kohler, Barrows and Denesik Mediocre Leather Bench",03Quis eum corporis vero.,2019-12-23 10:35:17 -0600,1.016
"Kohler, Barrows and Denesik Mediocre Leather Bench",03Quis eum corporis vero.,2020-02-09 14:44:43 -0600,1.016
"Kohler, Barrows and Denesik Mediocre Leather Bench",03Quis eum corporis vero.,2019-08-22 17:05:08 -0500,1.016
"Kohler, Barrows and Denesik Mediocre Leather Bench",03Quis eum corporis vero.,2020-01-28 21:48:08 -0600,1.016
Wiza-Heaney Intelligent Bronze Chair,03Architecto quisquam soluta et.,2019-06-25 13:20:10 -0500,1.739
Wiza-Heaney Intelligent Bronze Chair,03Architecto quisquam soluta et.,2019-12-28 10:31:01 -0600,1.739
Wiza-Heaney Intelligent Bronze Chair,03Architecto quisquam soluta et.,2019-07-06 07:19:44 -0500,1.739
Wiza-Heaney Intelligent Bronze Chair,03Architecto quisquam soluta et.,2020-04-24 07:57:48 -0500,1.739
Wiza-Heaney Intelligent Bronze Chair,03Architecto quisquam soluta et.,2019-08-01 15:48:21 -0500,1.739
Wiza-Heaney Intelligent Bronze Chair,03Architecto quisquam soluta et.,2019-08-13 10:55:44 -0500,1.739
Wiza-Heaney Intelligent Bronze Chair,03Architecto quisquam soluta et.,2019-08-18 09:10:52 -0500,1.739
Wiza-Heaney Intelligent Bronze Chair,03Architecto quisquam soluta et.,2020-01-19 16:50:21 -0600,1.739
Wiza-Heaney Intelligent Bronze Chair,03Architecto quisquam soluta et.,2019-10-18 16:21:51 -0500,1.739
Wiza-Heaney Intelligent Bronze Chair,03Architecto quisquam soluta et.,2019-11-01 00:05:42 -0600,1.739
Wiza-Heaney Intelligent Bronze Chair,03Architecto quisquam soluta et.,2020-05-14 17:06:18 -0500,1.739
Wiza-Heaney Intelligent Bronze Chair,03Architecto quisquam soluta et.,2020-01-12 19:12:03 -0600,1.739
Wiza-Heaney Intelligent Bronze Chair,03Architecto quisquam soluta et.,2019-10-28 18:39:42 -0600,1.739
Wiza-Heaney Intelligent Bronze Chair,03Architecto quisquam soluta et.,2020-02-06 12:02:33 -0600,1.739
Wiza-Heaney Intelligent Bronze Chair,03Architecto quisquam soluta et.,2019-09-22 00:00:41 -0500,1.739
Wiza-Heaney Intelligent Bronze Chair,03Architecto quisquam soluta et.,2020-02-23 01:32:53 -0600,1.739
Wiza-Heaney Intelligent Bronze Chair,03Architecto quisquam soluta et.,2019-07-01 09:23:01 -0500,1.739
Wiza-Heaney Intelligent Bronze Chair,03Architecto quisquam soluta et.,2020-01-03 16:23:39 -0600,1.739
Wiza-Heaney Intelligent Bronze Chair,03Architecto quisquam soluta et.,2020-06-03 09:24:33 -0500,1.739
Wiza-Heaney Intelligent Bronze Chair,03Architecto quisquam soluta et.,2019-07-02 14:02:11 -0500,1.739
Wiza-Heaney Intelligent Bronze Chair,03Architecto quisquam soluta et.,2019-09-14 15:00:54 -0500,1.739
Wiza-Heaney Intelligent Bronze Chair,03Architecto quisquam soluta et.,2019-09-12 00:55:37 -0500,1.739
Wiza-Heaney Intelligent Bronze Chair,03Architecto quisquam soluta et.,2019-12-21 14:27:02 -0600,1.739
Wiza-Heaney Intelligent Bronze Chair,03Architecto quisquam soluta et.,2019-08-15 07:00:42 -0500,1.739
Wiza-Heaney Intelligent Bronze Chair,03Architecto quisquam soluta et.,2019-07-01 13:28:39 -0500,1.739
Wiza-Heaney Intelligent Bronze Chair,03Architecto quisquam soluta et.,2019-06-21 21:04:34 -0500,1.739
Wiza-Heaney Intelligent Bronze Chair,03Architecto quisquam soluta et.,2020-06-03 04:08:17 -0500,1.739
Wiza-Heaney Intelligent Bronze Chair,03Architecto quisquam soluta et.,2019-07-04 04:24:44 -0500,1.739
Wiza-Heaney Intelligent Bronze Chair,03Architecto quisquam soluta et.,2020-01-06 21:21:53 -0600,1.739
Wiza-Heaney Intelligent Bronze Chair,03Architecto quisquam soluta et.,2019-11-07 14:07:31 -0600,1.739
Wiza-Heaney Intelligent Bronze Chair,03Architecto quisquam soluta et.,2020-03-04 13:45:13 -0600,1.739
Wiza-Heaney Intelligent Bronze Chair,03Architecto quisquam soluta et.,2020-02-10 17:06:58 -0600,1.739
Wiza-Heaney Intelligent Bronze Chair,03Architecto quisquam soluta et.,2019-10-03 12:05:22 -0500,1.739
Wiza-Heaney Intelligent Bronze Chair,03Architecto quisquam soluta et.,2020-01-30 22:14:35 -0600,1.739
Wiza-Heaney Intelligent Bronze Chair,03Architecto quisquam soluta et.,2020-04-11 04:46:24 -0500,1.739
Wiza-Heaney Intelligent Bronze Chair,03Architecto quisquam soluta et.,2019-08-17 07:06:38 -0500,1.739
Wiza-Heaney Intelligent Bronze Chair,03Architecto quisquam soluta et.,2020-06-09 21:23:22 -0500,1.739
Wiza-Heaney Intelligent Bronze Chair,03Architecto quisquam soluta et.,2020-05-09 21:55:53 -0500,1.739
Wiza-Heaney Intelligent Bronze Chair,03Architecto quisquam soluta et.,2020-06-15 23:14:59 -0500,1.739
Wiza-Heaney Intelligent Bronze Chair,03Architecto quisquam soluta et.,2020-06-14 16:50:19 -0500,1.739
Wiza-Heaney Intelligent Bronze Chair,03Architecto quisquam soluta et.,2019-10-04 15:18:40 -0500,1.739
Wiza-Heaney Intelligent Bronze Chair,03Architecto quisquam soluta et.,2020-03-15 18:58:35 -0600,1.739
Wiza-Heaney Intelligent Bronze Chair,03Architecto quisquam soluta et.,2019-12-20 14:58:48 -0600,1.739
Wiza-Heaney Intelligent Bronze Chair,03Architecto quisquam soluta et.,2020-01-08 14:12:59 -0600,1.739
Wiza-Heaney Intelligent Bronze Chair,03Architecto quisquam soluta et.,2020-04-20 13:08:50 -0500,1.739
Wiza-Heaney Intelligent Bronze Chair,03Architecto quisquam soluta et.,2019-12-26 18:25:47 -0600,1.739
Wiza-Heaney Intelligent Bronze Chair,03Architecto quisquam soluta et.,2020-04-07 13:07:08 -0500,1.739
Wiza-Heaney Intelligent Bronze Chair,03Architecto quisquam soluta et.,2020-06-08 01:02:54 -0500,1.739
Wiza-Heaney Intelligent Bronze Chair,03Architecto quisquam soluta et.,2020-04-15 14:41:09 -0500,1.739
Wiza-Heaney Intelligent Bronze Chair,03Architecto quisquam soluta et.,2020-05-18 00:17:46 -0500,1.739
Wiza-Heaney Intelligent Bronze Chair,03Architecto quisquam soluta et.,2019-11-25 14:27:21 -0600,1.739
Wiza-Heaney Intelligent Bronze Chair,03Architecto quisquam soluta et.,2019-09-24 06:57:35 -0500,1.739
Wiza-Heaney Intelligent Bronze Chair,03Architecto quisquam soluta et.,2019-10-03 00:43:57 -0500,1.739
Wiza-Heaney Intelligent Bronze Chair,03Architecto quisquam soluta et.,2019-08-20 21:58:27 -0500,1.739
Wiza-Heaney Intelligent Bronze Chair,03Architecto quisquam soluta et.,2019-09-06 06:09:04 -0500,1.739
Wiza-Heaney Intelligent Bronze Chair,03Architecto quisquam soluta et.,2020-01-10 05:21:27 -0600,1.739
Wiza-Heaney Intelligent Bronze Chair,03Architecto quisquam soluta et.,2019-09-03 01:27:32 -0500,1.739
Wiza-Heaney Intelligent Bronze Chair,03Architecto quisquam soluta et.,2020-04-18 06:21:01 -0500,1.739
Wiza-Heaney Intelligent Bronze Chair,03Architecto quisquam soluta et.,2019-07-31 04:20:54 -0500,1.739
Wiza-Heaney Intelligent Bronze Chair,03Architecto quisquam soluta et.,2020-01-21 14:14:27 -0600,1.739
Wiza-Heaney Intelligent Bronze Chair,03Architecto quisquam soluta et.,2019-09-18 07:02:40 -0500,1.739
Wiza-Heaney Intelligent Bronze Chair,03Architecto quisquam soluta et.,2019-10-05 14:26:44 -0500,1.739
Wiza-Heaney Intelligent Bronze Chair,03Architecto quisquam soluta et.,2020-05-12 10:21:13 -0500,1.739
Wiza-Heaney Intelligent Bronze Chair,03Architecto quisquam soluta et.,2020-04-22 18:01:28 -0500,1.739
Wiza-Heaney Intelligent Bronze Chair,03Architecto quisquam soluta et.,2020-02-02 11:22:59 -0600,1.739
Wiza-Heaney Intelligent Bronze Chair,03Architecto quisquam soluta et.,2019-10-24 01:23:38 -0500,1.739
Wiza-Heaney Intelligent Bronze Chair,03Architecto quisquam soluta et.,2020-04-10 16:20:10 -0500,1.739
Wiza-Heaney Intelligent Bronze Chair,03Architecto quisquam soluta et.,2019-11-02 16:39:37 -0600,1.739
Wiza-Heaney Intelligent Bronze Chair,03Architecto quisquam soluta et.,2020-06-15 02:57:16 -0500,1.739
Wiza-Heaney Intelligent Bronze Chair,03Architecto quisquam soluta et.,2020-02-23 03:02:26 -0600,1.739
Wiza-Heaney Intelligent Bronze Chair,03Architecto quisquam soluta et.,2020-06-01 01:43:47 -0500,1.739
Wiza-Heaney Intelligent Bronze Chair,03Architecto quisquam soluta et.,2020-05-13 09:01:32 -0500,1.739
Wiza-Heaney Intelligent Bronze Chair,03Architecto quisquam soluta et.,2020-01-28 04:42:45 -0600,1.739
Wiza-Heaney Intelligent Bronze Chair,03Architecto quisquam soluta et.,2019-10-09 11:53:20 -0500,1.739
Wiza-Heaney Intelligent Bronze Chair,03Architecto quisquam soluta et.,2019-12-21 00:33:16 -0600,1.739
Wiza-Heaney Intelligent Bronze Chair,03Architecto quisquam soluta et.,2020-04-07 13:11:55 -0500,1.739
Wiza-Heaney Intelligent Bronze Chair,03Architecto quisquam soluta et.,2019-09-19 01:15:28 -0500,1.739
Wiza-Heaney Intelligent Bronze Chair,03Architecto quisquam soluta et.,2019-11-30 03:14:49 -0600,1.739
Wiza-Heaney Intelligent Bronze Chair,03Architecto quisquam soluta et.,2019-09-28 16:01:28 -0500,1.739
Wiza-Heaney Intelligent Bronze Chair,03Architecto quisquam soluta et.,2020-06-10 13:36:18 -0500,1.739
Wiza-Heaney Intelligent Bronze Chair,03Architecto quisquam soluta et.,2019-07-02 23:24:17 -0500,1.739
Wiza-Heaney Intelligent Bronze Chair,03Architecto quisquam soluta et.,2020-04-24 07:02:38 -0500,1.739
Wiza-Heaney Intelligent Bronze Chair,03Architecto quisquam soluta et.,2020-05-09 10:03:58 -0500,1.739
Wiza-Heaney Intelligent Bronze Chair,03Architecto quisquam soluta et.,2020-03-12 23:09:02 -0600,1.739
Wiza-Heaney Intelligent Bronze Chair,03Architecto quisquam soluta et.,2020-02-12 16:41:01 -0600,1.739
Wiza-Heaney Intelligent Bronze Chair,03Architecto quisquam soluta et.,2020-04-01 00:16:58 -0600,1.739
Wiza-Heaney Intelligent Bronze Chair,03Architecto quisquam soluta et.,2019-09-09 10:57:54 -0500,1.739
Wiza-Heaney Intelligent Bronze Chair,03Architecto quisquam soluta et.,2020-05-06 02:50:36 -0500,1.739
Wiza-Heaney Intelligent Bronze Chair,03Architecto quisquam soluta et.,2019-11-05 16:50:11 -0600,1.739
Wolff LLC Sleek Iron Pants,03Quo consequatur qui eligendi.,2019-11-06 17:05:21 -0600,0.82
Wolff LLC Sleek Iron Pants,03Quo consequatur qui eligendi.,2019-09-12 18:24:59 -0500,0.82
Wolff LLC Sleek Iron Pants,03Quo consequatur qui eligendi.,2020-04-05 23:04:15 -0500,0.82
Wolff LLC Sleek Iron Pants,03Quo consequatur qui eligendi.,2019-06-25 22:22:27 -0500,0.82
Wolff LLC Sleek Iron Pants,03Quo consequatur qui eligendi.,2019-09-02 22:15:41 -0500,0.82
Wolff LLC Sleek Iron Pants,03Quo consequatur qui eligendi.,2020-05-20 08:35:06 -0500,0.82
Wolff LLC Sleek Iron Pants,03Quo consequatur qui eligendi.,2019-11-28 02:22:00 -0600,0.82
Wolff LLC Sleek Iron Pants,03Quo consequatur qui eligendi.,2019-12-24 19:16:46 -0600,0.82
Wolff LLC Sleek Iron Pants,03Quo consequatur qui eligendi.,2019-12-04 04:45:47 -0600,0.82
Wolff LLC Sleek Iron Pants,03Quo consequatur qui eligendi.,2019-12-08 15:38:41 -0600,0.82
Wolff LLC Sleek Iron Pants,03Quo consequatur qui eligendi.,2020-03-18 23:09:03 -0600,0.82
Wolff LLC Sleek Iron Pants,03Quo consequatur qui eligendi.,2020-01-19 00:08:24 -0600,0.82
Wolff LLC Sleek Iron Pants,03Quo consequatur qui eligendi.,2019-12-05 07:18:52 -0600,0.82
Wolff LLC Sleek Iron Pants,03Quo consequatur qui eligendi.,2020-05-05 16:43:51 -0500,0.82
Wolff LLC Sleek Iron Pants,03Quo consequatur qui eligendi.,2019-11-24 14:07:53 -0600,0.82
Wolff LLC Sleek Iron Pants,03Quo consequatur qui eligendi.,2019-12-17 01:59:01 -0600,0.82
Wolff LLC Sleek Iron Pants,03Quo consequatur qui eligendi.,2020-02-22 09:45:14 -0600,0.82
Wolff LLC Sleek Iron Pants,03Quo consequatur qui eligendi.,2020-05-21 10:25:45 -0500,0.82
Wolff LLC Sleek Iron Pants,03Quo consequatur qui eligendi.,2019-08-22 09:36:33 -0500,0.82
Wolff LLC Sleek Iron Pants,03Quo consequatur qui eligendi.,2019-11-09 14:03:21 -0600,0.82
Wolff LLC Sleek Iron Pants,03Quo consequatur qui eligendi.,2019-11-22 13:02:19 -0600,0.82
Wolff LLC Sleek Iron Pants,03Quo consequatur qui eligendi.,2019-10-05 15:54:36 -0500,0.82
Wolff LLC Sleek Iron Pants,03Quo consequatur qui eligendi.,2020-03-12 06:50:24 -0600,0.82
Wolff LLC Sleek Iron Pants,03Quo consequatur qui eligendi.,2020-01-25 11:40:26 -0600,0.82
Wolff LLC Sleek Iron Pants,03Quo consequatur qui eligendi.,2019-07-06 13:53:25 -0500,0.82
Wolff LLC Sleek Iron Pants,03Quo consequatur qui eligendi.,2019-09-27 08:00:05 -0500,0.82
Wolff LLC Sleek Iron Pants,03Quo consequatur qui eligendi.,2019-10-01 17:58:47 -0500,0.82
Wolff LLC Sleek Iron Pants,03Quo consequatur qui eligendi.,2019-10-28 23:07:22 -0600,0.82
Wolff LLC Sleek Iron Pants,03Quo consequatur qui eligendi.,2020-06-05 05:04:23 -0500,0.82
Wolff LLC Sleek Iron Pants,03Quo consequatur qui eligendi.,2020-02-01 01:09:19 -0600,0.82
Wolff LLC Sleek Iron Pants,03Quo consequatur qui eligendi.,2019-12-12 04:53:34 -0600,0.82
Wolff LLC Sleek Iron Pants,03Quo consequatur qui eligendi.,2020-03-12 13:11:51 -0600,0.82
Wolff LLC Sleek Iron Pants,03Quo consequatur qui eligendi.,2019-08-27 07:57:35 -0500,0.82
Wolff LLC Sleek Iron Pants,03Quo consequatur qui eligendi.,2020-03-03 20:38:00 -0600,0.82
Wolff LLC Sleek Iron Pants,03Quo consequatur qui eligendi.,2019-11-20 03:50:14 -0600,0.82
Wolff LLC Sleek Iron Pants,03Quo consequatur qui eligendi.,2019-10-30 13:28:19 -0600,0.82
Wolff LLC Sleek Iron Pants,03Quo consequatur qui eligendi.,2020-04-14 20:40:25 -0500,0.82
Wolff LLC Sleek Iron Pants,03Quo consequatur qui eligendi.,2019-12-17 16:25:39 -0600,0.82
Wolff LLC Sleek Iron Pants,03Quo consequatur qui eligendi.,2020-03-11 03:54:38 -0600,0.82
Wolff LLC Sleek Iron Pants,03Quo consequatur qui eligendi.,2020-03-07 21:03:10 -0600,0.82
Wolff LLC Sleek Iron Pants,03Quo consequatur qui eligendi.,2019-07-03 13:49:52 -0500,0.82
Wolff LLC Sleek Iron Pants,03Quo consequatur qui eligendi.,2020-05-31 23:19:57 -0500,0.82
Wolff LLC Sleek Iron Pants,03Quo consequatur qui eligendi.,2019-11-14 22:06:43 -0600,0.82
Wolff LLC Sleek Iron Pants,03Quo consequatur qui eligendi.,2020-03-27 08:42:18 -0600,0.82
Wolff LLC Sleek Iron Pants,03Quo consequatur qui eligendi.,2020-05-13 06:03:04 -0500,0.82
Wolff LLC Sleek Iron Pants,03Quo consequatur qui eligendi.,2019-11-02 03:20:00 -0600,0.82
Wolff LLC Sleek Iron Pants,03Quo consequatur qui eligendi.,2019-10-01 06:26:23 -0500,0.82
Wolff LLC Sleek Iron Pants,03Quo consequatur qui eligendi.,2020-01-26 13:20:47 -0600,0.82
Wolff LLC Sleek Iron Pants,03Quo consequatur qui eligendi.,2020-01-28 07:08:18 -0600,0.82
Wolff LLC Sleek Iron Pants,03Quo consequatur qui eligendi.,2020-03-02 20:48:36 -0600,0.82
Wolff LLC Sleek Iron Pants,03Quo consequatur qui eligendi.,2020-03-30 09:27:39 -0600,0.82
"Bernier, Lueilwitz and Powlowski Heavy Duty Bronze Table",02Ea repellat ratione accusantium.,2020-03-02 07:32:05 -0600,1.226
"Bernier, Lueilwitz and Powlowski Heavy Duty Bronze Table",02Ea repellat ratione accusantium.,2019-12-11 14:01:38 -0600,1.226
"Bernier, Lueilwitz and Powlowski Heavy Duty Bronze Table",02Ea repellat ratione accusantium.,2020-05-19 05:22:57 -0500,1.226
"Bernier, Lueilwitz and Powlowski Heavy Duty Bronze Table",02Ea repellat ratione accusantium.,2020-05-14 12:58:25 -0500,1.226
"Bernier, Lueilwitz and Powlowski Heavy Duty Bronze Table",02Ea repellat ratione accusantium.,2020-05-20 07:41:32 -0500,1.226
"Bernier, Lueilwitz and Powlowski Heavy Duty Bronze Table",02Ea repellat ratione accusantium.,2019-07-19 02:11:39 -0500,1.226
"Bernier, Lueilwitz and Powlowski Heavy Duty Bronze Table",02Ea repellat ratione accusantium.,2020-04-15 21:58:09 -0500,1.226
"Bernier, Lueilwitz and Powlowski Heavy Duty Bronze Table",02Ea repellat ratione accusantium.,2019-07-01 22:06:01 -0500,1.226
"Bernier, Lueilwitz and Powlowski Heavy Duty Bronze Table",02Ea repellat ratione accusantium.,2019-11-05 08:17:07 -0600,1.226
"Bernier, Lueilwitz and Powlowski Heavy Duty Bronze Table",02Ea repellat ratione accusantium.,2020-05-23 22:37:11 -0500,1.226
"Bernier, Lueilwitz and Powlowski Heavy Duty Bronze Table",02Ea repellat ratione accusantium.,2019-10-10 12:09:33 -0500,1.226
"Bernier, Lueilwitz and Powlowski Heavy Duty Bronze Table",02Ea repellat ratione accusantium.,2020-02-29 07:25:44 -0600,1.226
"Bernier, Lueilwitz and Powlowski Heavy Duty Bronze Table",02Ea repellat ratione accusantium.,2019-08-15 09:14:45 -0500,1.226
"Bernier, Lueilwitz and Powlowski Heavy Duty Bronze Table",02Ea repellat ratione accusantium.,2020-06-08 07:05:36 -0500,1.226
"Bernier, Lueilwitz and Powlowski Heavy Duty Bronze Table",02Ea repellat ratione accusantium.,2020-04-14 16:42:59 -0500,1.226
"Bernier, Lueilwitz and Powlowski Heavy Duty Bronze Table",02Ea repellat ratione accusantium.,2020-06-14 23:11:41 -0500,1.226
"Bernier, Lueilwitz and Powlowski Heavy Duty Bronze Table",02Ea repellat ratione accusantium.,2019-12-21 11:57:58 -0600,1.226
"Bernier, Lueilwitz and Powlowski Heavy Duty Bronze Table",02Ea repellat ratione accusantium.,2019-12-09 08:12:37 -0600,1.226
"Bernier, Lueilwitz and Powlowski Heavy Duty Bronze Table",02Ea repellat ratione accusantium.,2020-03-09 22:57:52 -0600,1.226
"Bernier, Lueilwitz and Powlowski Heavy Duty Bronze Table",02Ea repellat ratione accusantium.,2019-08-24 06:27:53 -0500,1.226
"Bernier, Lueilwitz and Powlowski Heavy Duty Bronze Table",02Ea repellat ratione accusantium.,2019-10-07 05:11:45 -0500,1.226
Yost and Sons Fantastic Plastic Shirt,00Voluptas cumque ipsum omnis.,2020-03-15 09:40:16 -0600,1.468
Yost and Sons Fantastic Plastic Shirt,00Voluptas cumque ipsum omnis.,2020-04-13 20:00:40 -0500,1.468
Yost and Sons Fantastic Plastic Shirt,00Voluptas cumque ipsum omnis.,2019-11-29 07:29:02 -0600,1.468
Yost and Sons Fantastic Plastic Shirt,00Voluptas cumque ipsum omnis.,2020-04-22 20:35:48 -0500,1.468
Yost and Sons Fantastic Plastic Shirt,00Voluptas cumque ipsum omnis.,2020-02-26 03:43:01 -0600,1.468
Yost and Sons Fantastic Plastic Shirt,00Voluptas cumque ipsum omnis.,2019-06-26 20:10:40 -0500,1.468
Yost and Sons Fantastic Plastic Shirt,00Voluptas cumque ipsum omnis.,2019-09-01 05:22:33 -0500,1.468
Yost and Sons Fantastic Plastic Shirt,00Voluptas cumque ipsum omnis.,2020-04-12 08:44:21 -0500,1.468
Yost and Sons Fantastic Plastic Shirt,00Voluptas cumque ipsum omnis.,2019-11-15 01:03:48 -0600,1.468
Yost and Sons Fantastic Plastic Shirt,00Voluptas cumque ipsum omnis.,2019-12-06 17:32:05 -0600,1.468
Yost and Sons Fantastic Plastic Shirt,00Voluptas cumque ipsum omnis.,2019-12-17 13:11:30 -0600,1.468
Yost and Sons Fantastic Plastic Shirt,00Voluptas cumque ipsum omnis.,2019-07-28 19:56:45 -0500,1.468
Yost and Sons Fantastic Plastic Shirt,00Voluptas cumque ipsum omnis.,2019-10-23 23:00:11 -0500,1.468
Yost and Sons Fantastic Plastic Shirt,00Voluptas cumque ipsum omnis.,2019-10-19 09:08:17 -0500,1.468
Yost and Sons Fantastic Plastic Shirt,00Voluptas cumque ipsum omnis.,2020-04-21 21:43:53 -0500,1.468
Yost and Sons Fantastic Plastic Shirt,00Voluptas cumque ipsum omnis.,2019-11-05 16:30:40 -0600,1.468
Yost and Sons Fantastic Plastic Shirt,00Voluptas cumque ipsum omnis.,2019-10-07 08:32:06 -0500,1.468
Yost and Sons Fantastic Plastic Shirt,00Voluptas cumque ipsum omnis.,2020-03-16 06:06:58 -0600,1.468
Yost and Sons Fantastic Plastic Shirt,00Voluptas cumque ipsum omnis.,2020-05-30 15:38:13 -0500,1.468
Yost and Sons Fantastic Plastic Shirt,00Voluptas cumque ipsum omnis.,2019-08-26 23:15:53 -0500,1.468
Yost and Sons Fantastic Plastic Shirt,03Commodi unde consectetur delectus.,2019-11-19 13:25:13 -0600,1.985
Yost and Sons Fantastic Plastic Shirt,03Commodi unde consectetur delectus.,2019-08-14 22:47:28 -0500,1.985
Yost and Sons Fantastic Plastic Shirt,03Commodi unde consectetur delectus.,2020-06-17 17:52:14 -0500,1.985
Yost and Sons Fantastic Plastic Shirt,03Commodi unde consectetur delectus.,2020-04-14 20:24:04 -0500,1.985
Yost and Sons Fantastic Plastic Shirt,03Commodi unde consectetur delectus.,2020-05-11 14:58:35 -0500,1.985
Yost and Sons Fantastic Plastic Shirt,03Commodi unde consectetur delectus.,2019-08-19 19:20:07 -0500,1.985
Yost and Sons Fantastic Plastic Shirt,03Commodi unde consectetur delectus.,2020-01-04 00:22:43 -0600,1.985
Yost and Sons Fantastic Plastic Shirt,03Commodi unde consectetur delectus.,2019-09-27 14:28:12 -0500,1.985
Yost and Sons Fantastic Plastic Shirt,03Commodi unde consectetur delectus.,2020-05-22 12:02:08 -0500,1.985
Yost and Sons Fantastic Plastic Shirt,03Commodi unde consectetur delectus.,2020-06-16 01:18:16 -0500,1.985
Yost and Sons Fantastic Plastic Shirt,03Commodi unde consectetur delectus.,2019-10-28 15:26:11 -0600,1.985
Yost and Sons Fantastic Plastic Shirt,03Commodi unde consectetur delectus.,2019-08-10 02:14:04 -0500,1.985
Yost and Sons Fantastic Plastic Shirt,03Commodi unde consectetur delectus.,2020-01-13 13:32:56 -0600,1.985
Yost and Sons Fantastic Plastic Shirt,03Commodi unde consectetur delectus.,2019-06-26 11:16:20 -0500,1.985
Yost and Sons Fantastic Plastic Shirt,03Commodi unde consectetur delectus.,2019-07-21 15:41:50 -0500,1.985
Yost and Sons Fantastic Plastic Shirt,03Commodi unde consectetur delectus.,2019-10-12 21:46:15 -0500,1.985
Swift Inc Practical Iron Computer,03Illum exercitationem ut labore.,2020-05-19 09:27:13 -0500,2.038
Swift Inc Practical Iron Computer,03Illum exercitationem ut labore.,2019-08-27 23:04:08 -0500,2.038
Swift Inc Practical Iron Computer,03Illum exercitationem ut labore.,2020-01-05 16:45:50 -0600,2.038
Swift Inc Practical Iron Computer,03Illum exercitationem ut labore.,2019-09-01 20:09:36 -0500,2.038
Swift Inc Practical Iron Computer,03Illum exercitationem ut labore.,2019-08-02 23:44:21 -0500,2.038
Swift Inc Practical Iron Computer,03Illum exercitationem ut labore.,2020-01-04 13:09:24 -0600,2.038
Swift Inc Practical Iron Computer,03Illum exercitationem ut labore.,2020-01-15 12:25:22 -0600,2.038
Swift Inc Practical Iron Computer,03Illum exercitationem ut labore.,2019-10-20 17:52:44 -0500,2.038
Swift Inc Practical Iron Computer,03Illum exercitationem ut labore.,2019-11-21 07:46:09 -0600,2.038
Swift Inc Practical Iron Computer,03Illum exercitationem ut labore.,2020-01-14 02:59:08 -0600,2.038
Swift Inc Practical Iron Computer,03Illum exercitationem ut labore.,2020-04-27 09:39:09 -0500,2.038
Swift Inc Practical Iron Computer,03Illum exercitationem ut labore.,2020-04-27 07:50:34 -0500,2.038
Swift Inc Practical Iron Computer,03Illum exercitationem ut labore.,2020-06-10 21:33:13 -0500,2.038
Swift Inc Practical Iron Computer,03Illum exercitationem ut labore.,2020-03-20 16:32:16 -0600,2.038
Swift Inc Practical Iron Computer,03Illum exercitationem ut labore.,2019-08-20 01:12:32 -0500,2.038
Swift Inc Practical Iron Computer,03Illum exercitationem ut labore.,2019-08-19 06:12:21 -0500,2.038
Swift Inc Practical Iron Computer,03Illum exercitationem ut labore.,2019-10-03 12:49:11 -0500,2.038
Swift Inc Practical Iron Computer,03Illum exercitationem ut labore.,2020-04-14 03:54:13 -0500,2.038
Swift Inc Practical Iron Computer,03Illum exercitationem ut labore.,2019-11-25 20:25:02 -0600,2.038
Swift Inc Practical Iron Computer,03Illum exercitationem ut labore.,2020-04-02 01:54:19 -0600,2.038
Swift Inc Practical Iron Computer,03Illum exercitationem ut labore.,2019-10-23 14:37:53 -0500,2.038
Swift Inc Practical Iron Computer,03Illum exercitationem ut labore.,2019-09-15 00:01:18 -0500,2.038
Swift Inc Practical Iron Computer,03Illum exercitationem ut labore.,2019-10-29 14:46:37 -0600,2.038
Swift Inc Practical Iron Computer,03Illum exercitationem ut labore.,2019-08-05 17:47:41 -0500,2.038
Swift Inc Practical Iron Computer,03Illum exercitationem ut labore.,2019-08-27 17:53:31 -0500,2.038
Swift Inc Practical Iron Computer,03Illum exercitationem ut labore.,2020-04-01 20:18:18 -0600,2.038
Swift Inc Practical Iron Computer,03Illum exercitationem ut labore.,2019-09-24 14:04:20 -0500,2.038
Swift Inc Practical Iron Computer,03Illum exercitationem ut labore.,2020-03-10 14:10:50 -0600,2.038
Swift Inc Practical Iron Computer,03Illum exercitationem ut labore.,2019-10-01 17:19:15 -0500,2.038
Swift Inc Practical Iron Computer,03Illum exercitationem ut labore.,2019-07-30 20:19:18 -0500,2.038
Swift Inc Practical Iron Computer,03Illum exercitationem ut labore.,2019-06-24 01:03:10 -0500,2.038
Swift Inc Practical Iron Computer,03Illum exercitationem ut labore.,2020-01-21 11:21:20 -0600,2.038
Swift Inc Practical Iron Computer,03Illum exercitationem ut labore.,2020-02-13 04:32:11 -0600,2.038
Swift Inc Practical Iron Computer,03Illum exercitationem ut labore.,2019-08-30 05:40:30 -0500,2.038
Swift Inc Practical Iron Computer,03Illum exercitationem ut labore.,2020-03-21 09:16:13 -0600,2.038
Swift Inc Practical Iron Computer,03Illum exercitationem ut labore.,2019-07-01 01:33:45 -0500,2.038
Swift Inc Practical Iron Computer,03Illum exercitationem ut labore.,2019-09-03 16:49:19 -0500,2.038
Swift Inc Practical Iron Computer,03Illum exercitationem ut labore.,2019-10-31 19:58:44 -0600,2.038
Swift Inc Practical Iron Computer,03Illum exercitationem ut labore.,2019-08-18 04:33:56 -0500,2.038
Swift Inc Practical Iron Computer,03Illum exercitationem ut labore.,2019-08-17 08:14:52 -0500,2.038
Swift Inc Practical Iron Computer,03Illum exercitationem ut labore.,2019-09-10 16:30:18 -0500,2.038
Swift Inc Practical Iron Computer,03Illum exercitationem ut labore.,2020-02-19 11:27:54 -0600,2.038
Swift Inc Practical Iron Computer,03Illum exercitationem ut labore.,2019-08-21 21:23:13 -0500,2.038
Swift Inc Practical Iron Computer,03Illum exercitationem ut labore.,2019-12-11 20:30:24 -0600,2.038
Swift Inc Practical Iron Computer,03Illum exercitationem ut labore.,2019-10-28 20:02:40 -0600,2.038
Swift Inc Practical Iron Computer,03Illum exercitationem ut labore.,2019-07-01 14:26:22 -0500,2.038
Swift Inc Practical Iron Computer,03Illum exercitationem ut labore.,2020-05-07 08:58:51 -0500,2.038
Swift Inc Practical Iron Computer,03Illum exercitationem ut labore.,2019-11-28 04:40:40 -0600,2.038
Swift Inc Practical Iron Computer,03Illum exercitationem ut labore.,2020-03-05 20:42:24 -0600,2.038
Swift Inc Practical Iron Computer,03Illum exercitationem ut labore.,2020-06-10 11:03:57 -0500,2.038
Swift Inc Practical Iron Computer,03Illum exercitationem ut labore.,2019-10-23 08:02:15 -0500,2.038
Swift Inc Practical Iron Computer,03Illum exercitationem ut labore.,2019-10-03 17:48:08 -0500,2.038
Swift Inc Practical Iron Computer,03Illum exercitationem ut labore.,2020-01-27 13:21:40 -0600,2.038
Swift Inc Practical Iron Computer,03Illum exercitationem ut labore.,2019-09-07 21:41:52 -0500,2.038
Swift Inc Practical Iron Computer,03Illum exercitationem ut labore.,2019-11-21 19:33:13 -0600,2.038
Swift Inc Practical Iron Computer,03Illum exercitationem ut labore.,2019-08-31 20:54:02 -0500,2.038
Swift Inc Practical Iron Computer,03Illum exercitationem ut labore.,2019-10-24 12:51:20 -0500,2.038
Swift Inc Practical Iron Computer,03Illum exercitationem ut labore.,2020-03-11 10:25:12 -0600,2.038
Swift Inc Practical Iron Computer,03Illum exercitationem ut labore.,2020-01-09 06:22:00 -0600,2.038
Swift Inc Practical Iron Computer,03Illum exercitationem ut labore.,2019-06-28 18:46:29 -0500,2.038
Swift Inc Practical Iron Computer,03Illum exercitationem ut labore.,2019-09-19 00:29:23 -0500,2.038
Swift Inc Practical Iron Computer,03Illum exercitationem ut labore.,2020-02-02 07:16:11 -0600,2.038
Swift Inc Practical Iron Computer,03Illum exercitationem ut labore.,2020-02-22 11:06:31 -0600,2.038
Swift Inc Practical Iron Computer,03Illum exercitationem ut labore.,2019-12-25 23:42:16 -0600,2.038
Swift Inc Practical Iron Computer,03Illum exercitationem ut labore.,2020-02-14 19:33:25 -0600,2.038
Swift Inc Practical Iron Computer,03Illum exercitationem ut labore.,2020-04-21 09:01:34 -0500,2.038
Swift Inc Practical Iron Computer,03Illum exercitationem ut labore.,2019-07-16 09:56:11 -0500,2.038
Swift Inc Practical Iron Computer,03Illum exercitationem ut labore.,2020-01-23 03:05:49 -0600,2.038
Swift Inc Practical Iron Computer,03Illum exercitationem ut labore.,2019-09-12 07:14:11 -0500,2.038
Swift Inc Practical Iron Computer,03Illum exercitationem ut labore.,2019-11-04 21:22:50 -0600,2.038
Swift Inc Practical Iron Computer,03Illum exercitationem ut labore.,2019-09-09 21:34:19 -0500,2.038
Swift Inc Practical Iron Computer,03Illum exercitationem ut labore.,2019-10-01 08:03:50 -0500,2.038
Swift Inc Practical Iron Computer,03Illum exercitationem ut labore.,2019-10-14 03:55:23 -0500,2.038
Swift Inc Practical Iron Computer,03Illum exercitationem ut labore.,2020-02-15 06:34:00 -0600,2.038
Swift Inc Practical Iron Computer,03Illum exercitationem ut labore.,2019-12-01 08:09:40 -0600,2.038
Swift Inc Practical Iron Computer,03Illum exercitationem ut labore.,2020-02-27 12:09:50 -0600,2.038
Swift Inc Practical Iron Computer,03Illum exercitationem ut labore.,2020-06-06 22:44:15 -0500,2.038
Swift Inc Practical Iron Computer,03Illum exercitationem ut labore.,2019-09-04 01:30:59 -0500,2.038
Swift Inc Practical Iron Computer,03Illum exercitationem ut labore.,2020-03-30 20:15:13 -0600,2.038
Swift Inc Practical Iron Computer,03Illum exercitationem ut labore.,2020-05-29 06:55:44 -0500,2.038
Swift Inc Practical Iron Computer,03Illum exercitationem ut labore.,2020-05-01 23:54:59 -0500,2.038
Swift Inc Practical Iron Computer,03Illum exercitationem ut labore.,2019-11-06 22:49:09 -0600,2.038
Swift Inc Practical Iron Computer,03Illum exercitationem ut labore.,2019-07-09 08:53:16 -0500,2.038
Swift Inc Practical Iron Computer,03Illum exercitationem ut labore.,2020-02-27 09:23:13 -0600,2.038
Swift Inc Practical Iron Computer,03Illum exercitationem ut labore.,2019-07-24 11:06:34 -0500,2.038
Swift Inc Practical Iron Computer,03Illum exercitationem ut labore.,2020-01-13 10:05:32 -0600,2.038
Swift Inc Practical Iron Computer,03Illum exercitationem ut labore.,2019-07-24 22:08:04 -0500,2.038
Swift Inc Practical Iron Computer,03Illum exercitationem ut labore.,2019-10-13 04:19:23 -0500,2.038
Swift Inc Practical Iron Computer,03Illum exercitationem ut labore.,2019-10-18 09:40:52 -0500,2.038
Swift Inc Practical Iron Computer,03Illum exercitationem ut labore.,2019-09-19 19:23:51 -0500,2.038
Swift Inc Practical Iron Computer,03Illum exercitationem ut labore.,2020-03-25 06:46:44 -0600,2.038
Swift Inc Practical Iron Computer,03Illum exercitationem ut labore.,2019-09-30 19:27:46 -0500,2.038
Swift Inc Practical Iron Computer,03Illum exercitationem ut labore.,2019-09-08 06:24:26 -0500,2.038
Swift Inc Practical Iron Computer,03Illum exercitationem ut labore.,2019-09-02 14:47:54 -0500,2.038
Swift Inc Practical Iron Computer,03Illum exercitationem ut labore.,2020-03-03 08:46:28 -0600,2.038
Swift Inc Practical Iron Computer,03Illum exercitationem ut labore.,2019-06-21 02:43:59 -0500,2.038
Swift Inc Practical Iron Computer,03Illum exercitationem ut labore.,2020-05-27 13:34:43 -0500,2.038
Swift Inc Practical Iron Computer,03Illum exercitationem ut labore.,2019-06-25 18:09:15 -0500,2.038
Swift Inc Practical Iron Computer,03Illum exercitationem ut labore.,2019-11-15 18:45:20 -0600,2.038
"O'Keefe, Hodkiewicz and Heaney Mediocre Steel Computer",03Architecto quisquam soluta et.,2019-11-02 14:51:52 -0600,1.739
"O'Keefe, Hodkiewicz and Heaney Mediocre Steel Computer",03Architecto quisquam soluta et.,2019-08-25 16:05:20 -0500,1.739
"O'Keefe, Hodkiewicz and Heaney Mediocre Steel Computer",03Architecto quisquam soluta et.,2020-05-01 14:32:54 -0500,1.739
"O'Keefe, Hodkiewicz and Heaney Mediocre Steel Computer",03Architecto quisquam soluta et.,2020-03-19 16:39:25 -0600,1.739
"O'Keefe, Hodkiewicz and Heaney Mediocre Steel Computer",03Architecto quisquam soluta et.,2019-07-08 10:42:13 -0500,1.739
"O'Keefe, Hodkiewicz and Heaney Mediocre Steel Computer",03Architecto quisquam soluta et.,2019-11-25 23:41:48 -0600,1.739
"O'Keefe, Hodkiewicz and Heaney Mediocre Steel Computer",03Architecto quisquam soluta et.,2020-03-02 00:09:29 -0600,1.739
"O'Keefe, Hodkiewicz and Heaney Mediocre Steel Computer",03Architecto quisquam soluta et.,2020-04-02 02:59:21 -0600,1.739
"O'Keefe, Hodkiewicz and Heaney Mediocre Steel Computer",03Architecto quisquam soluta et.,2019-12-07 10:58:56 -0600,1.739
"O'Keefe, Hodkiewicz and Heaney Mediocre Steel Computer",03Architecto quisquam soluta et.,2020-01-21 21:59:33 -0600,1.739
"O'Keefe, Hodkiewicz and Heaney Mediocre Steel Computer",03Architecto quisquam soluta et.,2019-09-29 07:58:56 -0500,1.739
"O'Keefe, Hodkiewicz and Heaney Mediocre Steel Computer",03Architecto quisquam soluta et.,2019-07-28 08:03:28 -0500,1.739
"O'Keefe, Hodkiewicz and Heaney Mediocre Steel Computer",03Architecto quisquam soluta et.,2020-06-07 10:04:10 -0500,1.739
"O'Keefe, Hodkiewicz and Heaney Mediocre Steel Computer",03Architecto quisquam soluta et.,2020-06-17 18:47:25 -0500,1.739
"O'Keefe, Hodkiewicz and Heaney Mediocre Steel Computer",03Architecto quisquam soluta et.,2019-10-26 09:04:25 -0500,1.739
"O'Keefe, Hodkiewicz and Heaney Mediocre Steel Computer",03Architecto quisquam soluta et.,2020-02-26 06:52:38 -0600,1.739
"O'Keefe, Hodkiewicz and Heaney Mediocre Steel Computer",03Architecto quisquam soluta et.,2019-12-28 02:39:19 -0600,1.739
"O'Keefe, Hodkiewicz and Heaney Mediocre Steel Computer",03Architecto quisquam soluta et.,2020-01-05 03:31:06 -0600,1.739
"O'Keefe, Hodkiewicz and Heaney Mediocre Steel Computer",03Architecto quisquam soluta et.,2019-11-29 02:27:10 -0600,1.739
"O'Keefe, Hodkiewicz and Heaney Mediocre Steel Computer",03Architecto quisquam soluta et.,2020-01-20 20:25:42 -0600,1.739
"O'Keefe, Hodkiewicz and Heaney Mediocre Steel Computer",03Architecto quisquam soluta et.,2019-07-14 02:40:58 -0500,1.739
"O'Keefe, Hodkiewicz and Heaney Mediocre Steel Computer",03Architecto quisquam soluta et.,2020-04-11 00:32:34 -0500,1.739
"Mann, Hoppe and Muller Small Linen Shoes",00Corporis ipsum consequuntur voluptas.,2020-06-09 15:09:10 -0500,1.869
"Mann, Hoppe and Muller Small Linen Shoes",00Corporis ipsum consequuntur voluptas.,2019-09-30 11:30:41 -0500,1.869
"Mann, Hoppe and Muller Small Linen Shoes",00Corporis ipsum consequuntur voluptas.,2020-04-04 08:07:58 -0600,1.869
"Mann, Hoppe and Muller Small Linen Shoes",00Corporis ipsum consequuntur voluptas.,2020-05-23 09:06:22 -0500,1.869
"Mann, Hoppe and Muller Small Linen Shoes",00Corporis ipsum consequuntur voluptas.,2020-05-19 18:47:10 -0500,1.869
"Mann, Hoppe and Muller Small Linen Shoes",00Corporis ipsum consequuntur voluptas.,2020-01-21 15:53:59 -0600,1.869
"Mann, Hoppe and Muller Small Linen Shoes",00Corporis ipsum consequuntur voluptas.,2019-11-16 20:22:41 -0600,1.869
"Mann, Hoppe and Muller Small Linen Shoes",00Corporis ipsum consequuntur voluptas.,2019-11-23 21:24:05 -0600,1.869
"Mann, Hoppe and Muller Small Linen Shoes",00Corporis ipsum consequuntur voluptas.,2019-10-03 10:18:03 -0500,1.869
"Mann, Hoppe and Muller Small Linen Shoes",00Corporis ipsum consequuntur voluptas.,2020-01-22 09:09:51 -0600,1.869
"Mann, Hoppe and Muller Small Linen Shoes",00Corporis ipsum consequuntur voluptas.,2019-10-19 08:09:41 -0500,1.869
"Mann, Hoppe and Muller Small Linen Shoes",00Corporis ipsum consequuntur voluptas.,2019-08-09 16:03:47 -0500,1.869
"Mann, Hoppe and Muller Small Linen Shoes",00Corporis ipsum consequuntur voluptas.,2020-03-03 11:15:25 -0600,1.869
"Mann, Hoppe and Muller Small Linen Shoes",00Corporis ipsum consequuntur voluptas.,2019-10-16 08:57:17 -0500,1.869
"Mann, Hoppe and Muller Small Linen Shoes",00Corporis ipsum consequuntur voluptas.,2020-05-05 17:08:52 -0500,1.869
"Mann, Hoppe and Muller Small Linen Shoes",00Corporis ipsum consequuntur voluptas.,2020-05-24 06:00:27 -0500,1.869
"Mann, Hoppe and Muller Small Linen Shoes",00Corporis ipsum consequuntur voluptas.,2020-01-22 08:13:11 -0600,1.869
"Mann, Hoppe and Muller Small Linen Shoes",00Corporis ipsum consequuntur voluptas.,2020-02-14 05:11:00 -0600,1.869
"Mann, Hoppe and Muller Small Linen Shoes",00Corporis ipsum consequuntur voluptas.,2019-06-20 20:30:08 -0500,1.869
"Mann, Hoppe and Muller Small Linen Shoes",00Corporis ipsum consequuntur voluptas.,2020-02-03 14:36:56 -0600,1.869
"Mann, Hoppe and Muller Small Linen Shoes",00Corporis ipsum consequuntur voluptas.,2020-03-25 09:26:26 -0600,1.869
"Mann, Hoppe and Muller Small Linen Shoes",00Corporis ipsum consequuntur voluptas.,2020-02-25 14:59:05 -0600,1.869
"Mann, Hoppe and Muller Small Linen Shoes",00Corporis ipsum consequuntur voluptas.,2019-07-09 10:54:59 -0500,1.869
"Mann, Hoppe and Muller Small Linen Shoes",00Corporis ipsum consequuntur voluptas.,2019-10-17 16:15:38 -0500,1.869
"Mann, Hoppe and Muller Small Linen Shoes",00Corporis ipsum consequuntur voluptas.,2020-01-12 05:38:05 -0600,1.869
"Mann, Hoppe and Muller Small Linen Shoes",00Corporis ipsum consequuntur voluptas.,2019-06-25 15:52:02 -0500,1.869
"Mann, Hoppe and Muller Small Linen Shoes",00Corporis ipsum consequuntur voluptas.,2020-02-18 16:33:06 -0600,1.869
"Mann, Hoppe and Muller Small Linen Shoes",00Corporis ipsum consequuntur voluptas.,2019-07-23 14:34:13 -0500,1.869
"Mann, Hoppe and Muller Small Linen Shoes",00Corporis ipsum consequuntur voluptas.,2019-09-17 19:33:19 -0500,1.869
"Mann, Hoppe and Muller Small Linen Shoes",00Corporis ipsum consequuntur voluptas.,2020-03-17 08:07:02 -0600,1.869
"Mann, Hoppe and Muller Small Linen Shoes",00Corporis ipsum consequuntur voluptas.,2019-10-18 18:59:21 -0500,1.869
"Mann, Hoppe and Muller Small Linen Shoes",00Corporis ipsum consequuntur voluptas.,2019-11-02 06:18:46 -0600,1.869
"Mann, Hoppe and Muller Small Linen Shoes",00Corporis ipsum consequuntur voluptas.,2020-03-24 06:38:20 -0600,1.869
"Mann, Hoppe and Muller Small Linen Shoes",00Corporis ipsum consequuntur voluptas.,2019-08-05 16:31:09 -0500,1.869
"Mann, Hoppe and Muller Small Linen Shoes",00Corporis ipsum consequuntur voluptas.,2020-01-13 03:07:08 -0600,1.869
"Mann, Hoppe and Muller Small Linen Shoes",00Corporis ipsum consequuntur voluptas.,2019-11-17 01:55:00 -0600,1.869
"Mann, Hoppe and Muller Small Linen Shoes",00Corporis ipsum consequuntur voluptas.,2019-10-27 20:21:53 -0600,1.869
"Mann, Hoppe and Muller Small Linen Shoes",00Corporis ipsum consequuntur voluptas.,2019-07-22 07:50:37 -0500,1.869
"Mann, Hoppe and Muller Small Linen Shoes",00Corporis ipsum consequuntur voluptas.,2020-05-01 10:39:40 -0500,1.869
"Mann, Hoppe and Muller Small Linen Shoes",00Corporis ipsum consequuntur voluptas.,2020-02-16 14:27:35 -0600,1.869
"Mann, Hoppe and Muller Small Linen Shoes",00Corporis ipsum consequuntur voluptas.,2019-10-14 03:54:11 -0500,1.869
"Mann, Hoppe and Muller Small Linen Shoes",00Corporis ipsum consequuntur voluptas.,2019-09-14 05:45:20 -0500,1.869
"Mann, Hoppe and Muller Small Linen Shoes",00Corporis ipsum consequuntur voluptas.,2019-09-26 21:57:25 -0500,1.869
"Mann, Hoppe and Muller Small Linen Shoes",00Corporis ipsum consequuntur voluptas.,2020-05-01 00:49:15 -0500,1.869
"Mann, Hoppe and Muller Small Linen Shoes",00Corporis ipsum consequuntur voluptas.,2020-05-07 08:01:15 -0500,1.869
"Mann, Hoppe and Muller Small Linen Shoes",00Corporis ipsum consequuntur voluptas.,2019-10-24 04:21:37 -0500,1.869
"Mann, Hoppe and Muller Small Linen Shoes",00Corporis ipsum consequuntur voluptas.,2019-10-26 09:10:42 -0500,1.869
"Mann, Hoppe and Muller Small Linen Shoes",00Corporis ipsum consequuntur voluptas.,2019-10-12 20:53:59 -0500,1.869
"Mann, Hoppe and Muller Small Linen Shoes",00Corporis ipsum consequuntur voluptas.,2019-12-17 05:02:51 -0600,1.869
"Mann, Hoppe and Muller Small Linen Shoes",00Corporis ipsum consequuntur voluptas.,2020-03-05 07:08:54 -0600,1.869
"Mann, Hoppe and Muller Small Linen Shoes",00Corporis ipsum consequuntur voluptas.,2019-08-18 00:56:14 -0500,1.869
"Mann, Hoppe and Muller Small Linen Shoes",00Corporis ipsum consequuntur voluptas.,2019-12-17 13:37:22 -0600,1.869
"Mann, Hoppe and Muller Small Linen Shoes",00Corporis ipsum consequuntur voluptas.,2019-11-11 09:03:17 -0600,1.869
"Mann, Hoppe and Muller Small Linen Shoes",00Corporis ipsum consequuntur voluptas.,2019-08-11 08:04:58 -0500,1.869
"Mann, Hoppe and Muller Small Linen Shoes",00Corporis ipsum consequuntur voluptas.,2019-08-08 15:46:06 -0500,1.869
"Mann, Hoppe and Muller Small Linen Shoes",00Corporis ipsum consequuntur voluptas.,2020-01-19 04:29:09 -0600,1.869
"Mann, Hoppe and Muller Small Linen Shoes",00Corporis ipsum consequuntur voluptas.,2020-04-10 07:22:06 -0500,1.869
"Mann, Hoppe and Muller Small Linen Shoes",00Corporis ipsum consequuntur voluptas.,2019-08-02 07:12:02 -0500,1.869
"Mann, Hoppe and Muller Small Linen Shoes",00Corporis ipsum consequuntur voluptas.,2019-10-28 17:23:16 -0600,1.869
"Mann, Hoppe and Muller Small Linen Shoes",00Corporis ipsum consequuntur voluptas.,2020-06-12 09:35:19 -0500,1.869
"Mann, Hoppe and Muller Small Linen Shoes",00Corporis ipsum consequuntur voluptas.,2019-07-04 06:23:32 -0500,1.869
"Mann, Hoppe and Muller Small Linen Shoes",00Corporis ipsum consequuntur voluptas.,2019-06-24 14:27:42 -0500,1.869
"Mann, Hoppe and Muller Small Linen Shoes",00Corporis ipsum consequuntur voluptas.,2020-05-31 20:09:23 -0500,1.869
"Mann, Hoppe and Muller Small Linen Shoes",00Corporis ipsum consequuntur voluptas.,2020-04-21 01:04:16 -0500,1.869
"Mann, Hoppe and Muller Small Linen Shoes",00Corporis ipsum consequuntur voluptas.,2020-01-23 18:38:41 -0600,1.869
"Mann, Hoppe and Muller Small Linen Shoes",00Corporis ipsum consequuntur voluptas.,2019-10-01 00:53:55 -0500,1.869
"Mann, Hoppe and Muller Small Linen Shoes",00Corporis ipsum consequuntur voluptas.,2020-01-17 00:07:09 -0600,1.869
"Mann, Hoppe and Muller Small Linen Shoes",00Corporis ipsum consequuntur voluptas.,2019-11-18 09:18:54 -0600,1.869
"Mann, Hoppe and Muller Small Linen Shoes",00Corporis ipsum consequuntur voluptas.,2020-04-29 00:02:53 -0500,1.869
"Mann, Hoppe and Muller Small Linen Shoes",00Corporis ipsum consequuntur voluptas.,2020-03-05 00:00:15 -0600,1.869
"Mann, Hoppe and Muller Small Linen Shoes",00Corporis ipsum consequuntur voluptas.,2020-06-16 21:03:04 -0500,1.869
"Mann, Hoppe and Muller Small Linen Shoes",00Corporis ipsum consequuntur voluptas.,2020-02-02 14:08:55 -0600,1.869
"Mann, Hoppe and Muller Small Linen Shoes",00Corporis ipsum consequuntur voluptas.,2020-05-29 09:51:23 -0500,1.869
"Mann, Hoppe and Muller Small Linen Shoes",00Corporis ipsum consequuntur voluptas.,2020-04-18 07:07:54 -0500,1.869
"Mann, Hoppe and Muller Small Linen Shoes",00Corporis ipsum consequuntur voluptas.,2019-10-16 10:09:55 -0500,1.869
